1054	7.000005029
1055	7.000005102
1056	7.000005177
1057	7.000005252
1058	7.000005329
1059	7.000005406
1060	7.000005485
1061	7.000005564
1062	7.000005644
1063	7.000005726
1064	7.000005808
1065	7.000005892
1066	7.000005976
1067	7.000006062
1068	7.000006148
1069	7.000006236
1070	7.000006325
1071	7.000006415
1072	7.000006505
1073	7.000006598
1074	7.000006691
1075	7.000006785
1076	7.000006881
1077	7.000006977
1078	7.000007075
1079	7.000007174
1080	7.000007274
1081	7.000007376
1082	7.000007479
1083	7.000007583
1084	7.000007688
1085	7.000007794
1086	7.000007902
1087	7.000008011
1088	7.000008121
1089	7.000008233
1090	7.000008346
1091	7.00000846
1092	7.000008576
1093	7.000008693
1094	7.000008811
1095	7.000008931
1096	7.000009052
1097	7.000009175
1098	7.000009299
1099	7.000009425
1100	7.000009552
1101	7.00000968
1102	7.00000981
1103	7.000009942
1104	7.000010075
1105	7.000010209
1106	7.000010345
1107	7.000010483
1108	7.000010622
1109	7.000010763
1110	7.000010906
1111	7.00001105
1112	7.000011195
1113	7.000011343
1114	7.000011492
1115	7.000011643
1116	7.000011795
1117	7.000011949
1118	7.000012105
1119	7.000012263
1120	7.000012422
1121	7.000012584
1122	7.000012747
1123	7.000012912
1124	7.000013078
1125	7.000013247
1126	7.000013417
1127	7.00001359
1128	7.000013764
1129	7.00001394
1130	7.000014118
1131	7.000014298
1132	7.00001448
1133	7.000014665
1134	7.000014851
1135	7.000015039
1136	7.000015229
1137	7.000015421
1138	7.000015615
1139	7.000015812
1140	7.00001601
1141	7.000016211
1142	7.000016414
1143	7.000016619
1144	7.000016826
1145	7.000017036
1146	7.000017247
1147	7.000017461
1148	7.000017678
1149	7.000017896
1150	7.000018117
1151	7.00001834
1152	7.000018566
1153	7.000018794
1154	7.000019024
1155	7.000019257
1156	7.000019492
1157	7.00001973
1158	7.00001997
1159	7.000020213
1160	7.000020458
1161	7.000020706
1162	7.000020956
1163	7.000021209
1164	7.000021465
1165	7.000021723
1166	7.000021984
1167	7.000022248
1168	7.000022514
1169	7.000022783
1170	7.000023055
1171	7.000023329
1172	7.000023607
1173	7.000023887
1174	7.00002417
1175	7.000024456
1176	7.000024745
1177	7.000025036
1178	7.000025331
1179	7.000025629
1180	7.000025929
1181	7.000026233
1182	7.00002654
1183	7.000026849
1184	7.000027162
1185	7.000027478
1186	7.000027797
1187	7.00002812
1188	7.000028445
1189	7.000028774
1190	7.000029106
1191	7.000029441
1192	7.00002978
1193	7.000030121
1194	7.000030467
1195	7.000030815
1196	7.000031167
1197	7.000031523
1198	7.000031882
1199	7.000032244
1200	7.00003261
1201	7.000032979
1202	7.000033352
1203	7.000033729
1204	7.000034109
1205	7.000034493
1206	7.000034881
1207	7.000035272
1208	7.000035667
1209	7.000036066
1210	7.000036468
1211	7.000036875
1212	7.000037285
1213	7.000037699
1214	7.000038118
1215	7.00003854
1216	7.000038966
1217	7.000039396
1218	7.00003983
1219	7.000040268
1220	7.00004071
1221	7.000041157
1222	7.000041607
1223	7.000042062
1224	7.000042521
1225	7.000042984
1226	7.000043452
1227	7.000043924
1228	7.0000444
1229	7.000044881
1230	7.000045366
1231	7.000045856
1232	7.00004635
1233	7.000046848
1234	7.000047351
1235	7.000047859
1236	7.000048371
1237	7.000048888
1238	7.00004941
1239	7.000049936
1240	7.000050468
1241	7.000051004
1242	7.000051544
1243	7.00005209
1244	7.000052641
1245	7.000053196
1246	7.000053757
1247	7.000054322
1248	7.000054893
1249	7.000055468
1250	7.000056049
1251	7.000056635
1252	7.000057226
1253	7.000057823
1254	7.000058424
1255	7.000059031
1256	7.000059643
1257	7.000060261
1258	7.000060884
1259	7.000061513
1260	7.000062147
1261	7.000062786
1262	7.000063431
1263	7.000064082
1264	7.000064738
1265	7.0000654
1266	7.000066068
1267	7.000066742
1268	7.000067421
1269	7.000068106
1270	7.000068798
1271	7.000069495
1272	7.000070198
1273	7.000070907
1274	7.000071622
1275	7.000072343
1276	7.00007307
1277	7.000073804
1278	7.000074544
1279	7.00007529
1280	7.000076042
1281	7.000076801
1282	7.000077566
1283	7.000078337
1284	7.000079115
1285	7.0000799
1286	7.000080691
1287	7.000081488
1288	7.000082293
1289	7.000083104
1290	7.000083922
1291	7.000084746
1292	7.000085578
1293	7.000086416
1294	7.000087261
1295	7.000088113
1296	7.000088972
1297	7.000089839
1298	7.000090712
1299	7.000091593
1300	7.00009248
1301	7.000093375
1302	7.000094278
1303	7.000095187
1304	7.000096104
1305	7.000097029
1306	7.00009796
1307	7.0000989
1308	7.000099847
1309	7.000100802
1310	7.000101764
1311	7.000102734
1312	7.000103712
1313	7.000104698
1314	7.000105691
1315	7.000106693
1316	7.000107702
1317	7.00010872
1318	7.000109745
1319	7.000110779
1320	7.000111821
1321	7.000112871
1322	7.000113929
1323	7.000114996
1324	7.000116071
1325	7.000117155
1326	7.000118247
1327	7.000119348
1328	7.000120457
1329	7.000121575
1330	7.000122701
1331	7.000123837
1332	7.000124981
1333	7.000126134
1334	7.000127296
1335	7.000128467
1336	7.000129647
1337	7.000130836
1338	7.000132034
1339	7.000133242
1340	7.000134458
1341	7.000135684
1342	7.00013692
1343	7.000138164
1344	7.000139419
1345	7.000140683
1346	7.000141956
1347	7.000143239
1348	7.000144532
1349	7.000145834
1350	7.000147147
1351	7.000148469
1352	7.000149801
1353	7.000151143
1354	7.000152495
1355	7.000153858
1356	7.00015523
1357	7.000156613
1358	7.000158006
1359	7.00015941
1360	7.000160823
1361	7.000162248
1362	7.000163683
1363	7.000165128
1364	7.000166584
1365	7.000168051
1366	7.000169529
1367	7.000171017
1368	7.000172517
1369	7.000174027
1370	7.000175549
1371	7.000177081
1372	7.000178625
1373	7.00018018
1374	7.000181746
1375	7.000183324
1376	7.000184913
1377	7.000186514
1378	7.000188126
1379	7.000189749
1380	7.000191385
1381	7.000193032
1382	7.000194691
1383	7.000196362
1384	7.000198045
1385	7.00019974
1386	7.000201446
1387	7.000203166
1388	7.000204897
1389	7.00020664
1390	7.000208396
1391	7.000210165
1392	7.000211946
1393	7.000213739
1394	7.000215545
1395	7.000217364
1396	7.000219195
1397	7.00022104
1398	7.000222897
1399	7.000224767
1400	7.00022665
1401	7.000228547
1402	7.000230456
1403	7.000232379
1404	7.000234316
1405	7.000236265
1406	7.000238228
1407	7.000240205
1408	7.000242195
1409	7.000244199
1410	7.000246217
1411	7.000248249
1412	7.000250294
1413	7.000252354
1414	7.000254427
1415	7.000256515
1416	7.000258617
1417	7.000260733
1418	7.000262864
1419	7.000265009
1420	7.000267168
1421	7.000269343
1422	7.000271531
1423	7.000273735
1424	7.000275953
1425	7.000278187
1426	7.000280435
1427	7.000282699
1428	7.000284977
1429	7.000287271
1430	7.00028958
1431	7.000291904
1432	7.000294244
1433	7.000296599
1434	7.00029897
1435	7.000301357
1436	7.00030376
1437	7.000306178
1438	7.000308612
1439	7.000311062
1440	7.000313529
1441	7.000316011
1442	7.00031851
1443	7.000321025
1444	7.000323557
1445	7.000326105
1446	7.00032867
1447	7.000331251
1448	7.000333849
1449	7.000336464
1450	7.000339096
1451	7.000341745
1452	7.000344411
1453	7.000347094
1454	7.000349794
1455	7.000352512
1456	7.000355247
1457	7.000358
1458	7.00036077
1459	7.000363558
1460	7.000366364
1461	7.000369188
1462	7.000372029
1463	7.000374889
1464	7.000377767
1465	7.000380663
1466	7.000383577
1467	7.00038651
1468	7.000389461
1469	7.000392431
1470	7.000395419
1471	7.000398427
1472	7.000401453
1473	7.000404498
1474	7.000407562
1475	7.000410645
1476	7.000413747
1477	7.000416869
1478	7.00042001
1479	7.00042317
1480	7.00042635
1481	7.00042955
1482	7.00043277
1483	7.000436009
1484	7.000439268
1485	7.000442548
1486	7.000445847
1487	7.000449167
1488	7.000452507
1489	7.000455868
1490	7.000459249
1491	7.00046265
1492	7.000466073
1493	7.000469516
1494	7.00047298
1495	7.000476465
1496	7.000479971
1497	7.000483498
1498	7.000487047
1499	7.000490617
1500	7.000494209
1501	7.000497822
1502	7.000501456
1503	7.000505113
1504	7.000508791
1505	7.000512492
1506	7.000516214
1507	7.000519959
1508	7.000523726
1509	7.000527515
1510	7.000531327
1511	7.000535161
1512	7.000539018
1513	7.000542898
1514	7.000546801
1515	7.000550727
1516	7.000554676
1517	7.000558648
1518	7.000562643
1519	7.000566662
1520	7.000570704
1521	7.00057477
1522	7.000578859
1523	7.000582973
1524	7.00058711
1525	7.000591271
1526	7.000595457
1527	7.000599667
1528	7.000603901
1529	7.000608159
1530	7.000612442
1531	7.00061675
1532	7.000621083
1533	7.00062544
1534	7.000629823
1535	7.00063423
1536	7.000638663
1537	7.000643121
1538	7.000647604
1539	7.000652113
1540	7.000656648
1541	7.000661209
1542	7.000665795
1543	7.000670407
1544	7.000675045
1545	7.00067971
1546	7.000684401
1547	7.000689118
1548	7.000693862
1549	7.000698632
1550	7.00070343
1551	7.000708254
1552	7.000713105
1553	7.000717983
1554	7.000722888
1555	7.000727821
1556	7.000732781
1557	7.000737769
1558	7.000742784
1559	7.000747828
1560	7.000752899
1561	7.000757998
1562	7.000763125
1563	7.000768281
1564	7.000773464
1565	7.000778677
1566	7.000783918
1567	7.000789187
1568	7.000794486
1569	7.000799813
1570	7.00080517
1571	7.000810555
1572	7.00081597
1573	7.000821415
1574	7.000826889
1575	7.000832392
1576	7.000837926
1577	7.000843489
1578	7.000849083
1579	7.000854706
1580	7.00086036
1581	7.000866044
1582	7.000871759
1583	7.000877504
1584	7.00088328
1585	7.000889087
1586	7.000894925
1587	7.000900794
1588	7.000906695
1589	7.000912627
1590	7.00091859
1591	7.000924585
1592	7.000930611
1593	7.00093667
1594	7.00094276
1595	7.000948883
1596	7.000955038
1597	7.000961225
1598	7.000967445
1599	7.000973697
1600	7.000979983
1601	7.000986301
1602	7.000992652
1603	7.000999036
1604	7.001005454
1605	7.001011904
1606	7.001018389
1607	7.001024907
1608	7.001031459
1609	7.001038045
1610	7.001044665
1611	7.001051319
1612	7.001058007
1613	7.00106473
1614	7.001071487
1615	7.001078279
1616	7.001085106
1617	7.001091968
1618	7.001098865
1619	7.001105797
1620	7.001112765
1621	7.001119768
1622	7.001126807
1623	7.001133881
1624	7.001140992
1625	7.001148138
1626	7.001155321
1627	7.00116254
1628	7.001169795
1629	7.001177087
1630	7.001184415
1631	7.001191781
1632	7.001199183
1633	7.001206623
1634	7.0012141
1635	7.001221614
1636	7.001229166
1637	7.001236756
1638	7.001244383
1639	7.001252048
1640	7.001259752
1641	7.001267493
1642	7.001275273
1643	7.001283092
1644	7.001290949
1645	7.001298845
1646	7.001306779
1647	7.001314753
1648	7.001322766
1649	7.001330819
1650	7.001338911
1651	7.001347043
1652	7.001355214
1653	7.001363425
1654	7.001371677
1655	7.001379968
1656	7.0013883
1657	7.001396673
1658	7.001405086
1659	7.00141354
1660	7.001422034
1661	7.00143057
1662	7.001439147
1663	7.001447766
1664	7.001456426
1665	7.001465128
1666	7.001473871
1667	7.001482657
1668	7.001491484
1669	7.001500354
1670	7.001509266
1671	7.001518221
1672	7.001527218
1673	7.001536258
1674	7.001545342
1675	7.001554468
1676	7.001563638
1677	7.001572851
1678	7.001582108
1679	7.001591408
1680	7.001600752
1681	7.001610141
1682	7.001619573
1683	7.00162905
1684	7.001638572
1685	7.001648138
1686	7.001657749
1687	7.001667404
1688	7.001677105
1689	7.001686851
1690	7.001696643
1691	7.00170648
1692	7.001716363
1693	7.001726292
1694	7.001736266
1695	7.001746287
1696	7.001756355
1697	7.001766468
1698	7.001776629
1699	7.001786836
1700	7.00179709
1701	7.001807392
1702	7.00181774
1703	7.001828136
1704	7.00183858
1705	7.001849071
1706	7.001859611
1707	7.001870198
1708	7.001880833
1709	7.001891517
1710	7.00190225
1711	7.001913031
1712	7.001923861
1713	7.00193474
1714	7.001945668
1715	7.001956646
1716	7.001967673
1717	7.00197875
1718	7.001989877
1719	7.002001053
1720	7.00201228
1721	7.002023557
1722	7.002034884
1723	7.002046263
1724	7.002057691
1725	7.002069171
1726	7.002080702
1727	7.002092285
1728	7.002103919
1729	7.002115604
1730	7.002127341
1731	7.00213913
1732	7.002150972
1733	7.002162865
1734	7.002174811
1735	7.00218681
1736	7.002198861
1737	7.002210965
1738	7.002223123
1739	7.002235334
1740	7.002247598
1741	7.002259916
1742	7.002272287
1743	7.002284713
1744	7.002297192
1745	7.002309726
1746	7.002322315
1747	7.002334958
1748	7.002347656
1749	7.002360408
1750	7.002373216
1751	7.00238608
1752	7.002398998
1753	7.002411973
1754	7.002425003
1755	7.002438089
1756	7.002451232
1757	7.002464431
1758	7.002477686
1759	7.002490998
1760	7.002504367
1761	7.002517792
1762	7.002531276
1763	7.002544816
1764	7.002558414
1765	7.00257207
1766	7.002585783
1767	7.002599555
1768	7.002613385
1769	7.002627274
1770	7.002641221
1771	7.002655226
1772	7.002669291
1773	7.002683415
1774	7.002697598
1775	7.002711841
1776	7.002726143
1777	7.002740506
1778	7.002754928
1779	7.00276941
1780	7.002783953
1781	7.002798557
1782	7.002813221
1783	7.002827946
1784	7.002842732
1785	7.00285758
1786	7.002872489
1787	7.002887459
1788	7.002902492
1789	7.002917586
1790	7.002932743
1791	7.002947962
1792	7.002963243
1793	7.002978587
1794	7.002993994
1795	7.003009465
1796	7.003024998
1797	7.003040595
1798	7.003056256
1799	7.00307198
1800	7.003087769
1801	7.003103622
1802	7.003119539
1803	7.00313552
1804	7.003151567
1805	7.003167678
1806	7.003183855
1807	7.003200096
1808	7.003216404
1809	7.003232777
1810	7.003249215
1811	7.00326572
1812	7.003282291
1813	7.003298929
1814	7.003315633
1815	7.003332404
1816	7.003349242
1817	7.003366147
1818	7.00338312
1819	7.00340016
1820	7.003417268
1821	7.003434444
1822	7.003451687
1823	7.003469
1824	7.00348638
1825	7.00350383
1826	7.003521348
1827	7.003538936
1828	7.003556592
1829	7.003574319
1830	7.003592115
1831	7.00360998
1832	7.003627916
1833	7.003645922
1834	7.003663998
1835	7.003682145
1836	7.003700363
1837	7.003718652
1838	7.003737012
1839	7.003755444
1840	7.003773947
1841	7.003792522
1842	7.003811168
1843	7.003829887
1844	7.003848679
1845	7.003867543
1846	7.00388648
1847	7.003905489
1848	7.003924572
1849	7.003943728
1850	7.003962958
1851	7.003982262
1852	7.004001639
1853	7.004021091
1854	7.004040617
1855	7.004060217
1856	7.004079892
1857	7.004099642
1858	7.004119468
1859	7.004139368
1860	7.004159345
1861	7.004179396
1862	7.004199524
1863	7.004219728
1864	7.004240009
1865	7.004260366
1866	7.004280799
1867	7.00430131
1868	7.004321897
1869	7.004342562
1870	7.004363305
1871	7.004384125
1872	7.004405024
1873	7.004426
1874	7.004447055
1875	7.004468188
1876	7.0044894
1877	7.004510692
1878	7.004532062
1879	7.004553512
1880	7.004575041
1881	7.00459665
1882	7.004618339
1883	7.004640108
1884	7.004661958
1885	7.004683888
1886	7.004705899
1887	7.004727991
1888	7.004750164
1889	7.004772419
1890	7.004794755
1891	7.004817174
1892	7.004839674
1893	7.004862256
1894	7.004884921
1895	7.004907669
1896	7.0049305
1897	7.004953413
1898	7.00497641
1899	7.004999491
1900	7.005022655
1901	7.005045903
1902	7.005069235
1903	7.005092652
1904	7.005116153
1905	7.005139739
1906	7.00516341
1907	7.005187166
1908	7.005211008
1909	7.005234935
1910	7.005258948
1911	7.005283047
1912	7.005307232
1913	7.005331504
1914	7.005355863
1915	7.005380308
1916	7.00540484
1917	7.00542946
1918	7.005454167
1919	7.005478962
1920	7.005503845
1921	7.005528817
1922	7.005553876
1923	7.005579024
1924	7.005604261
1925	7.005629587
1926	7.005655003
1927	7.005680507
1928	7.005706102
1929	7.005731786
1930	7.005757561
1931	7.005783425
1932	7.005809381
1933	7.005835427
1934	7.005861564
1935	7.005887792
1936	7.005914112
1937	7.005940523
1938	7.005967026
1939	7.005993622
1940	7.006020309
1941	7.006047089
1942	7.006073962
1943	7.006100928
1944	7.006127987
1945	7.006155139
1946	7.006182385
1947	7.006209725
1948	7.006237158
1949	7.006264686
1950	7.006292309
1951	7.006320026
1952	7.006347838
1953	7.006375746
1954	7.006403748
1955	7.006431847
1956	7.006460041
1957	7.006488331
1958	7.006516717
1959	7.0065452
1960	7.00657378
1961	7.006602456
1962	7.00663123
1963	7.006660101
1964	7.00668907
1965	7.006718136
1966	7.006747301
1967	7.006776564
1968	7.006805925
1969	7.006835385
1970	7.006864945
1971	7.006894603
1972	7.00692436
1973	7.006954218
1974	7.006984175
1975	7.007014232
1976	7.00704439
1977	7.007074648
1978	7.007105006
1979	7.007135466
1980	7.007166027
1981	7.00719669
1982	7.007227454
1983	7.00725832
1984	7.007289288
1985	7.007320359
1986	7.007351532
1987	7.007382808
1988	7.007414187
1989	7.007445669
1990	7.007477255
1991	7.007508945
1992	7.007540738
1993	7.007572636
1994	7.007604638
1995	7.007636745
1996	7.007668956
1997	7.007701273
1998	7.007733695
1999	7.007766223
2000	7.007798856
2001	7.007831596
2002	7.007864442
2003	7.007897394
2004	7.007930453
2005	7.007963619
2006	7.007996893
2007	7.008030273
2008	7.008063762
2009	7.008097358
2010	7.008131063
2011	7.008164875
2012	7.008198797
2013	7.008232827
2014	7.008266966
2015	7.008301215
2016	7.008335573
2017	7.008370041
2018	7.008404619
2019	7.008439307
2020	7.008474106
2021	7.008509016
2022	7.008544036
2023	7.008579168
2024	7.008614411
2025	7.008649765
2026	7.008685232
2027	7.008720811
2028	7.008756502
2029	7.008792306
2030	7.008828222
2031	7.008864252
2032	7.008900395
2033	7.008936652
2034	7.008973022
2035	7.009009507
2036	7.009046106
2037	7.009082819
2038	7.009119647
2039	7.00915659
2040	7.009193648
2041	7.009230822
2042	7.009268112
2043	7.009305517
2044	7.009343039
2045	7.009380677
2046	7.009418432
2047	7.009456304
2048	7.009494292
2049	7.009532399
2050	7.009570623
2051	7.009608965
2052	7.009647425
2053	7.009686003
2054	7.0097247
2055	7.009763516
2056	7.009802451
2057	7.009841505
2058	7.009880679
2059	7.009919973
2060	7.009959387
2061	7.009998921
2062	7.010038576
2063	7.010078351
2064	7.010118248
2065	7.010158265
2066	7.010198405
2067	7.010238666
2068	7.010279049
2069	7.010319555
2070	7.010360183
2071	7.010400934
2072	7.010441807
2073	7.010482804
2074	7.010523925
2075	7.010565169
2076	7.010606538
2077	7.01064803
2078	7.010689647
2079	7.010731389
2080	7.010773256
2081	7.010815248
2082	7.010857365
2083	7.010899608
2084	7.010941978
2085	7.010984473
2086	7.011027095
2087	7.011069844
2088	7.011112719
2089	7.011155722
2090	7.011198852
2091	7.01124211
2092	7.011285496
2093	7.01132901
2094	7.011372653
2095	7.011416424
2096	7.011460324
2097	7.011504354
2098	7.011548513
2099	7.011592801
2100	7.01163722
2101	7.011681769
2102	7.011726448
2103	7.011771258
2104	7.011816199
2105	7.011861271
2106	7.011906475
2107	7.01195181
2108	7.011997278
2109	7.012042877
2110	7.012088609
2111	7.012134474
2112	7.012180472
2113	7.012226603
2114	7.012272868
2115	7.012319266
2116	7.012365798
2117	7.012412465
2118	7.012459266
2119	7.012506201
2120	7.012553272
2121	7.012600478
2122	7.01264782
2123	7.012695297
2124	7.012742911
2125	7.01279066
2126	7.012838547
2127	7.01288657
2128	7.01293473
2129	7.012983027
2130	7.013031462
2131	7.013080035
2132	7.013128745
2133	7.013177595
2134	7.013226582
2135	7.013275709
2136	7.013324975
2137	7.01337438
2138	7.013423924
2139	7.013473609
2140	7.013523433
2141	7.013573398
2142	7.013623504
2143	7.013673751
2144	7.013724138
2145	7.013774668
2146	7.013825338
2147	7.013876151
2148	7.013927106
2149	7.013978204
2150	7.014029444
2151	7.014080827
2152	7.014132353
2153	7.014184023
2154	7.014235836
2155	7.014287794
2156	7.014339896
2157	7.014392142
2158	7.014444533
2159	7.014497069
2160	7.014549751
2161	7.014602578
2162	7.014655551
2163	7.01470867
2164	7.014761935
2165	7.014815347
2166	7.014868906
2167	7.014922612
2168	7.014976465
2169	7.015030466
2170	7.015084615
2171	7.015138912
2172	7.015193357
2173	7.015247952
2174	7.015302695
2175	7.015357587
2176	7.015412629
2177	7.015467821
2178	7.015523163
2179	7.015578655
2180	7.015634297
2181	7.015690091
2182	7.015746035
2183	7.015802131
2184	7.015858378
2185	7.015914777
2186	7.015971329
2187	7.016028032
2188	7.016084889
2189	7.016141898
2190	7.016199061
2191	7.016256377
2192	7.016313846
2193	7.01637147
2194	7.016429248
2195	7.016487181
2196	7.016545268
2197	7.01660351
2198	7.016661908
2199	7.016720461
2200	7.01677917
2201	7.016838035
2202	7.016897057
2203	7.016956235
2204	7.01701557
2205	7.017075062
2206	7.017134712
2207	7.01719452
2208	7.017254485
2209	7.017314609
2210	7.017374891
2211	7.017435332
2212	7.017495932
2213	7.017556691
2214	7.01761761
2215	7.017678689
2216	7.017739928
2217	7.017801327
2218	7.017862887
2219	7.017924608
2220	7.017986491
2221	7.018048534
2222	7.01811074
2223	7.018173107
2224	7.018235637
2225	7.018298329
2226	7.018361184
2227	7.018424202
2228	7.018487383
2229	7.018550729
2230	7.018614238
2231	7.018677911
2232	7.018741748
2233	7.018805751
2234	7.018869918
2235	7.018934251
2236	7.018998749
2237	7.019063413
2238	7.019128243
2239	7.019193239
2240	7.019258402
2241	7.019323732
2242	7.019389229
2243	7.019454893
2244	7.019520726
2245	7.019586726
2246	7.019652894
2247	7.019719231
2248	7.019785737
2249	7.019852411
2250	7.019919255
2251	7.019986269
2252	7.020053453
2253	7.020120806
2254	7.020188331
2255	7.020256025
2256	7.020323891
2257	7.020391928
2258	7.020460137
2259	7.020528518
2260	7.02059707
2261	7.020665795
2262	7.020734692
2263	7.020803763
2264	7.020873006
2265	7.020942423
2266	7.021012014
2267	7.021081779
2268	7.021151718
2269	7.021221832
2270	7.02129212
2271	7.021362583
2272	7.021433222
2273	7.021504037
2274	7.021575027
2275	7.021646194
2276	7.021717537
2277	7.021789057
2278	7.021860754
2279	7.021932628
2280	7.02200468
2281	7.02207691
2282	7.022149318
2283	7.022221904
2284	7.022294669
2285	7.022367613
2286	7.022440736
2287	7.022514039
2288	7.022587521
2289	7.022661184
2290	7.022735027
2291	7.022809051
2292	7.022883255
2293	7.022957641
2294	7.023032208
2295	7.023106957
2296	7.023181888
2297	7.023257002
2298	7.023332297
2299	7.023407776
2300	7.023483438
2301	7.023559283
2302	7.023635313
2303	7.023711526
2304	7.023787923
2305	7.023864505
2306	7.023941271
2307	7.024018223
2308	7.02409536
2309	7.024172683
2310	7.024250192
2311	7.024327887
2312	7.024405768
2313	7.024483837
2314	7.024562092
2315	7.024640535
2316	7.024719165
2317	7.024797983
2318	7.02487699
2319	7.024956185
2320	7.025035568
2321	7.025115141
2322	7.025194903
2323	7.025274855
2324	7.025354996
2325	7.025435328
2326	7.02551585
2327	7.025596562
2328	7.025677466
2329	7.025758561
2330	7.025839848
2331	7.025921327
2332	7.026002997
2333	7.02608486
2334	7.026166916
2335	7.026249165
2336	7.026331607
2337	7.026414242
2338	7.026497072
2339	7.026580095
2340	7.026663313
2341	7.026746726
2342	7.026830333
2343	7.026914136
2344	7.026998134
2345	7.027082328
2346	7.027166719
2347	7.027251305
2348	7.027336089
2349	7.027421069
2350	7.027506246
2351	7.027591621
2352	7.027677194
2353	7.027762965
2354	7.027848934
2355	7.027935102
2356	7.028021469
2357	7.028108035
2358	7.028194801
2359	7.028281766
2360	7.028368932
2361	7.028456298
2362	7.028543864
2363	7.028631632
2364	7.0287196
2365	7.028807771
2366	7.028896143
2367	7.028984717
2368	7.029073493
2369	7.029162472
2370	7.029251654
2371	7.02934104
2372	7.029430629
2373	7.029520421
2374	7.029610418
2375	7.029700619
2376	7.029791025
2377	7.029881635
2378	7.029972451
2379	7.030063473
2380	7.0301547
2381	7.030246134
2382	7.030337773
2383	7.03042962
2384	7.030521673
2385	7.030613934
2386	7.030706402
2387	7.030799078
2388	7.030891962
2389	7.030985055
2390	7.031078356
2391	7.031171866
2392	7.031265586
2393	7.031359515
2394	7.031453653
2395	7.031548002
2396	7.031642562
2397	7.031737332
2398	7.031832313
2399	7.031927505
2400	7.032022909
2401	7.032118525
2402	7.032214353
2403	7.032310394
2404	7.032406647
2405	7.032503113
2406	7.032599792
2407	7.032696685
2408	7.032793792
2409	7.032891114
2410	7.032988649
2411	7.0330864
2412	7.033184365
2413	7.033282546
2414	7.033380942
2415	7.033479555
2416	7.033578383
2417	7.033677428
2418	7.03377669
2419	7.033876169
2420	7.033975865
2421	7.034075779
2422	7.034175911
2423	7.034276261
2424	7.03437683
2425	7.034477617
2426	7.034578624
2427	7.03467985
2428	7.034781296
2429	7.034882961
2430	7.034984847
2431	7.035086954
2432	7.035189281
2433	7.03529183
2434	7.0353946
2435	7.035497592
2436	7.035600806
2437	7.035704242
2438	7.0358079
2439	7.035911782
2440	7.036015887
2441	7.036120215
2442	7.036224768
2443	7.036329544
2444	7.036434544
2445	7.03653977
2446	7.03664522
2447	7.036750895
2448	7.036856796
2449	7.036962923
2450	7.037069276
2451	7.037175856
2452	7.037282662
2453	7.037389695
2454	7.037496955
2455	7.037604443
2456	7.037712159
2457	7.037820104
2458	7.037928276
2459	7.038036677
2460	7.038145308
2461	7.038254168
2462	7.038363257
2463	7.038472577
2464	7.038582126
2465	7.038691906
2466	7.038801917
2467	7.038912159
2468	7.039022633
2469	7.039133338
2470	7.039244275
2471	7.039355445
2472	7.039466847
2473	7.039578482
2474	7.03969035
2475	7.039802452
2476	7.039914787
2477	7.040027357
2478	7.040140161
2479	7.0402532
2480	7.040366473
2481	7.040479982
2482	7.040593726
2483	7.040707706
2484	7.040821923
2485	7.040936375
2486	7.041051065
2487	7.041165991
2488	7.041281155
2489	7.041396556
2490	7.041512196
2491	7.041628073
2492	7.041744189
2493	7.041860544
2494	7.041977138
2495	7.042093971
2496	7.042211044
2497	7.042328357
2498	7.042445911
2499	7.042563705
2500	7.042681739
2501	7.042800015
2502	7.042918533
2503	7.043037292
2504	7.043156293
2505	7.043275537
2506	7.043395023
2507	7.043514752
2508	7.043634724
2509	7.04375494
2510	7.0438754
2511	7.043996104
2512	7.044117052
2513	7.044238246
2514	7.044359684
2515	7.044481367
2516	7.044603296
2517	7.044725471
2518	7.044847893
2519	7.04497056
2520	7.045093475
2521	7.045216637
2522	7.045340046
2523	7.045463703
2524	7.045587608
2525	7.045711761
2526	7.045836162
2527	7.045960813
2528	7.046085713
2529	7.046210862
2530	7.046336262
2531	7.046461911
2532	7.046587811
2533	7.046713961
2534	7.046840362
2535	7.046967015
2536	7.047093919
2537	7.047221076
2538	7.047348484
2539	7.047476145
2540	7.047604058
2541	7.047732225
2542	7.047860645
2543	7.047989319
2544	7.048118247
2545	7.048247429
2546	7.048376866
2547	7.048506557
2548	7.048636504
2549	7.048766706
2550	7.048897164
2551	7.049027878
2552	7.049158849
2553	7.049290076
2554	7.04942156
2555	7.049553301
2556	7.0496853
2557	7.049817557
2558	7.049950072
2559	7.050082846
2560	7.050215878
2561	7.050349169
2562	7.05048272
2563	7.050616531
2564	7.050750601
2565	7.050884932
2566	7.051019523
2567	7.051154375
2568	7.051289489
2569	7.051424864
2570	7.0515605
2571	7.051696399
2572	7.05183256
2573	7.051968984
2574	7.052105671
2575	7.052242621
2576	7.052379835
2577	7.052517312
2578	7.052655054
2579	7.05279306
2580	7.052931331
2581	7.053069867
2582	7.053208669
2583	7.053347736
2584	7.05348707
2585	7.053626669
2586	7.053766535
2587	7.053906669
2588	7.054047069
2589	7.054187737
2590	7.054328672
2591	7.054469876
2592	7.054611348
2593	7.054753089
2594	7.054895099
2595	7.055037378
2596	7.055179927
2597	7.055322746
2598	7.055465835
2599	7.055609194
2600	7.055752825
2601	7.055896726
2602	7.056040899
2603	7.056185344
2604	7.056330061
2605	7.05647505
2606	7.056620311
2607	7.056765846
2608	7.056911654
2609	7.057057735
2610	7.057204091
2611	7.05735072
2612	7.057497624
2613	7.057644803
2614	7.057792257
2615	7.057939986
2616	7.058087991
2617	7.058236271
2618	7.058384828
2619	7.058533662
2620	7.058682773
2621	7.05883216
2622	7.058981826
2623	7.059131769
2624	7.05928199
2625	7.059432489
2626	7.059583268
2627	7.059734325
2628	7.059885661
2629	7.060037278
2630	7.060189174
2631	7.06034135
2632	7.060493807
2633	7.060646545
2634	7.060799563
2635	7.060952864
2636	7.061106446
2637	7.06126031
2638	7.061414456
2639	7.061568885
2640	7.061723597
2641	7.061878593
2642	7.062033871
2643	7.062189434
2644	7.062345281
2645	7.062501412
2646	7.062657829
2647	7.06281453
2648	7.062971516
2649	7.063128789
2650	7.063286347
2651	7.063444192
2652	7.063602323
2653	7.063760741
2654	7.063919447
2655	7.06407844
2656	7.06423772
2657	7.064397289
2658	7.064557146
2659	7.064717293
2660	7.064877728
2661	7.065038452
2662	7.065199466
2663	7.06536077
2664	7.065522365
2665	7.06568425
2666	7.065846425
2667	7.066008892
2668	7.066171651
2669	7.066334701
2670	7.066498044
2671	7.066661678
2672	7.066825606
2673	7.066989826
2674	7.06715434
2675	7.067319148
2676	7.067484249
2677	7.067649644
2678	7.067815335
2679	7.06798132
2680	7.0681476
2681	7.068314175
2682	7.068481047
2683	7.068648214
2684	7.068815678
2685	7.068983438
2686	7.069151496
2687	7.069319851
2688	7.069488503
2689	7.069657453
2690	7.069826702
2691	7.069996249
2692	7.070166095
2693	7.07033624
2694	7.070506684
2695	7.070677428
2696	7.070848472
2697	7.071019817
2698	7.071191462
2699	7.071363408
2700	7.071535656
2701	7.071708205
2702	7.071881056
2703	7.072054209
2704	7.072227664
2705	7.072401423
2706	7.072575484
2707	7.072749849
2708	7.072924518
2709	7.07309949
2710	7.073274767
2711	7.073450349
2712	7.073626235
2713	7.073802427
2714	7.073978925
2715	7.074155728
2716	7.074332837
2717	7.074510253
2718	7.074687976
2719	7.074866006
2720	7.075044343
2721	7.075222988
2722	7.075401941
2723	7.075581202
2724	7.075760772
2725	7.075940651
2726	7.076120839
2727	7.076301337
2728	7.076482144
2729	7.076663262
2730	7.07684469
2731	7.077026429
2732	7.077208479
2733	7.077390841
2734	7.077573514
2735	7.077756499
2736	7.077939796
2737	7.078123406
2738	7.078307329
2739	7.078491566
2740	7.078676115
2741	7.078860979
2742	7.079046157
2743	7.079231649
2744	7.079417456
2745	7.079603578
2746	7.079790016
2747	7.079976769
2748	7.080163839
2749	7.080351224
2750	7.080538926
2751	7.080726945
2752	7.080915282
2753	7.081103936
2754	7.081292908
2755	7.081482198
2756	7.081671806
2757	7.081861733
2758	7.08205198
2759	7.082242545
2760	7.082433431
2761	7.082624636
2762	7.082816162
2763	7.083008008
2764	7.083200176
2765	7.083392664
2766	7.083585474
2767	7.083778606
2768	7.08397206
2769	7.084165837
2770	7.084359936
2771	7.084554359
2772	7.084749105
2773	7.084944174
2774	7.085139568
2775	7.085335286
2776	7.085531329
2777	7.085727696
2778	7.085924389
2779	7.086121407
2780	7.086318752
2781	7.086516422
2782	7.086714419
2783	7.086912743
2784	7.087111394
2785	7.087310372
2786	7.087509678
2787	7.087709312
2788	7.087909274
2789	7.088109565
2790	7.088310185
2791	7.088511134
2792	7.088712413
2793	7.088914022
2794	7.089115961
2795	7.08931823
2796	7.08952083
2797	7.089723762
2798	7.089927024
2799	7.090130619
2800	7.090334545
2801	7.090538804
2802	7.090743396
2803	7.09094832
2804	7.091153578
2805	7.09135917
2806	7.091565095
2807	7.091771354
2808	7.091977949
2809	7.092184877
2810	7.092392141
2811	7.092599741
2812	7.092807676
2813	7.093015948
2814	7.093224555
2815	7.0934335
2816	7.093642781
2817	7.0938524
2818	7.094062356
2819	7.09427265
2820	7.094483283
2821	7.094694254
2822	7.094905564
2823	7.095117213
2824	7.095329201
2825	7.095541529
2826	7.095754198
2827	7.095967206
2828	7.096180556
2829	7.096394246
2830	7.096608278
2831	7.096822652
2832	7.097037367
2833	7.097252425
2834	7.097467825
2835	7.097683568
2836	7.097899655
2837	7.098116084
2838	7.098332858
2839	7.098549976
2840	7.098767438
2841	7.098985245
2842	7.099203397
2843	7.099421894
2844	7.099640737
2845	7.099859926
2846	7.100079461
2847	7.100299343
2848	7.100519572
2849	7.100740148
2850	7.100961072
2851	7.101182343
2852	7.101403962
2853	7.10162593
2854	7.101848247
2855	7.102070913
2856	7.102293928
2857	7.102517293
2858	7.102741008
2859	7.102965073
2860	7.103189489
2861	7.103414256
2862	7.103639374
2863	7.103864844
2864	7.104090665
2865	7.104316839
2866	7.104543365
2867	7.104770244
2868	7.104997476
2869	7.105225061
2870	7.105453001
2871	7.105681294
2872	7.105909942
2873	7.106138944
2874	7.106368301
2875	7.106598014
2876	7.106828082
2877	7.107058506
2878	7.107289286
2879	7.107520423
2880	7.107751917
2881	7.107983767
2882	7.108215976
2883	7.108448542
2884	7.108681466
2885	7.108914748
2886	7.109148389
2887	7.10938239
2888	7.109616749
2889	7.109851468
2890	7.110086547
2891	7.110321987
2892	7.110557787
2893	7.110793948
2894	7.11103047
2895	7.111267353
2896	7.111504598
2897	7.111742206
2898	7.111980176
2899	7.112218508
2900	7.112457204
2901	7.112696263
2902	7.112935686
2903	7.113175472
2904	7.113415623
2905	7.113656139
2906	7.113897019
2907	7.114138265
2908	7.114379876
2909	7.114621853
2910	7.114864197
2911	7.115106906
2912	7.115349983
2913	7.115593427
2914	7.115837238
2915	7.116081416
2916	7.116325963
2917	7.116570878
2918	7.116816162
2919	7.117061815
2920	7.117307837
2921	7.117554228
2922	7.11780099
2923	7.118048122
2924	7.118295624
2925	7.118543497
2926	7.118791741
2927	7.119040357
2928	7.119289344
2929	7.119538703
2930	7.119788435
2931	7.12003854
2932	7.120289017
2933	7.120539868
2934	7.120791093
2935	7.121042691
2936	7.121294664
2937	7.121547011
2938	7.121799733
2939	7.12205283
2940	7.122306303
2941	7.122560152
2942	7.122814377
2943	7.123068978
2944	7.123323956
2945	7.123579311
2946	7.123835043
2947	7.124091153
2948	7.124347641
2949	7.124604507
2950	7.124861752
2951	7.125119376
2952	7.125377379
2953	7.125635762
2954	7.125894524
2955	7.126153667
2956	7.12641319
2957	7.126673094
2958	7.126933379
2959	7.127194045
2960	7.127455093
2961	7.127716523
2962	7.127978336
2963	7.128240531
2964	7.128503109
2965	7.128766071
2966	7.129029416
2967	7.129293145
2968	7.129557258
2969	7.129821756
2970	7.130086638
2971	7.130351906
2972	7.130617559
2973	7.130883598
2974	7.131150023
2975	7.131416834
2976	7.131684032
2977	7.131951618
2978	7.13221959
2979	7.13248795
2980	7.132756698
2981	7.133025835
2982	7.13329536
2983	7.133565273
2984	7.133835577
2985	7.134106269
2986	7.134377351
2987	7.134648824
2988	7.134920687
2989	7.135192941
2990	7.135465586
2991	7.135738622
2992	7.13601205
2993	7.13628587
2994	7.136560082
2995	7.136834687
2996	7.137109685
2997	7.137385076
2998	7.13766086
2999	7.137937039
3000	7.138213612
3001	7.138490579
3002	7.138767941
3003	7.139045698
3004	7.139323851
3005	7.139602399
3006	7.139881344
3007	7.140160685
3008	7.140440422
3009	7.140720557
3010	7.141001088
3011	7.141282018
3012	7.141563345
3013	7.141845071
3014	7.142127195
3015	7.142409718
3016	7.142692641
3017	7.142975962
3018	7.143259684
3019	7.143543806
3020	7.143828328
3021	7.144113251
3022	7.144398575
3023	7.1446843
3024	7.144970427
3025	7.145256956
3026	7.145543887
3027	7.145831221
3028	7.146118958
3029	7.146407098
3030	7.146695642
3031	7.146984589
3032	7.147273941
3033	7.147563697
3034	7.147853858
3035	7.148144424
3036	7.148435395
3037	7.148726773
3038	7.149018556
3039	7.149310746
3040	7.149603342
3041	7.149896345
3042	7.150189756
3043	7.150483574
3044	7.1507778
3045	7.151072435
3046	7.151367478
3047	7.151662929
3048	7.15195879
3049	7.152255061
3050	7.152551741
3051	7.152848831
3052	7.153146332
3053	7.153444244
3054	7.153742566
3055	7.1540413
3056	7.154340446
3057	7.154640003
3058	7.154939973
3059	7.155240356
3060	7.155541151
3061	7.15584236
3062	7.156143982
3063	7.156446018
3064	7.156748468
3065	7.157051333
3066	7.157354612
3067	7.157658307
3068	7.157962416
3069	7.158266942
3070	7.158571884
3071	7.158877242
3072	7.159183017
3073	7.159489208
3074	7.159795817
3075	7.160102844
3076	7.160410289
3077	7.160718151
3078	7.161026433
3079	7.161335133
3080	7.161644252
3081	7.161953791
3082	7.162263749
3083	7.162574128
3084	7.162884927
3085	7.163196147
3086	7.163507788
3087	7.16381985
3088	7.164132334
3089	7.164445239
3090	7.164758567
3091	7.165072318
3092	7.165386492
3093	7.165701089
3094	7.166016109
3095	7.166331553
3096	7.166647421
3097	7.166963714
3098	7.167280432
3099	7.167597574
3100	7.167915143
3101	7.168233136
3102	7.168551556
3103	7.168870402
3104	7.169189675
3105	7.169509375
3106	7.169829502
3107	7.170150057
3108	7.17047104
3109	7.17079245
3110	7.17111429
3111	7.171436558
3112	7.171759255
3113	7.172082382
3114	7.172405939
3115	7.172729925
3116	7.173054343
3117	7.17337919
3118	7.173704469
3119	7.174030179
3120	7.174356321
3121	7.174682895
3122	7.175009901
3123	7.17533734
3124	7.175665211
3125	7.175993516
3126	7.176322254
3127	7.176651427
3128	7.176981033
3129	7.177311074
3130	7.177641549
3131	7.17797246
3132	7.178303806
3133	7.178635588
3134	7.178967805
3135	7.17930046
3136	7.17963355
3137	7.179967078
3138	7.180301043
3139	7.180635446
3140	7.180970286
3141	7.181305565
3142	7.181641282
3143	7.181977438
3144	7.182314034
3145	7.182651068
3146	7.182988543
3147	7.183326457
3148	7.183664812
3149	7.184003608
3150	7.184342845
3151	7.184682523
3152	7.185022642
3153	7.185363204
3154	7.185704208
3155	7.186045654
3156	7.186387544
3157	7.186729876
3158	7.187072652
3159	7.187415872
3160	7.187759536
3161	7.188103645
3162	7.188448198
3163	7.188793197
3164	7.189138641
3165	7.18948453
3166	7.189830866
3167	7.190177647
3168	7.190524876
3169	7.190872551
3170	7.191220674
3171	7.191569245
3172	7.191918263
3173	7.192267729
3174	7.192617644
3175	7.192968008
3176	7.193318821
3177	7.193670083
3178	7.194021795
3179	7.194373958
3180	7.19472657
3181	7.195079634
3182	7.195433148
3183	7.195787114
3184	7.196141531
3185	7.1964964
3186	7.196851722
3187	7.197207496
3188	7.197563723
3189	7.197920403
3190	7.198277537
3191	7.198635124
3192	7.198993166
3193	7.199351662
3194	7.199710613
3195	7.200070019
3196	7.200429881
3197	7.200790198
3198	7.201150971
3199	7.2015122
3200	7.201873886
3201	7.202236029
3202	7.20259863
3203	7.202961688
3204	7.203325203
3205	7.203689177
3206	7.20405361
3207	7.204418501
3208	7.204783851
3209	7.205149661
3210	7.205515931
3211	7.205882661
3212	7.206249851
3213	7.206617502
3214	7.206985613
3215	7.207354186
3216	7.207723221
3217	7.208092718
3218	7.208462677
3219	7.208833098
3220	7.209203983
3221	7.209575331
3222	7.209947142
3223	7.210319417
3224	7.210692156
3225	7.211065359
3226	7.211439028
3227	7.211813161
3228	7.21218776
3229	7.212562824
3230	7.212938354
3231	7.213314351
3232	7.213690815
3233	7.214067745
3234	7.214445143
3235	7.214823008
3236	7.215201341
3237	7.215580142
3238	7.215959412
3239	7.21633915
3240	7.216719358
3241	7.217100035
3242	7.217481182
3243	7.217862799
3244	7.218244886
3245	7.218627444
3246	7.219010473
3247	7.219393973
3248	7.219777945
3249	7.220162389
3250	7.220547305
3251	7.220932694
3252	7.221318555
3253	7.22170489
3254	7.222091698
3255	7.22247898
3256	7.222866736
3257	7.223254967
3258	7.223643672
3259	7.224032853
3260	7.224422508
3261	7.22481264
3262	7.225203247
3263	7.225594331
3264	7.225985891
3265	7.226377929
3266	7.226770443
3267	7.227163435
3268	7.227556905
3269	7.227950853
3270	7.22834528
3271	7.228740185
3272	7.22913557
3273	7.229531434
3274	7.229927778
3275	7.230324601
3276	7.230721905
3277	7.23111969
3278	7.231517956
3279	7.231916703
3280	7.232315932
3281	7.232715642
3282	7.233115835
3283	7.23351651
3284	7.233917669
3285	7.23431931
3286	7.234721435
3287	7.235124044
3288	7.235527136
3289	7.235930713
3290	7.236334775
3291	7.236739322
3292	7.237144355
3293	7.237549873
3294	7.237955877
3295	7.238362367
3296	7.238769344
3297	7.239176807
3298	7.239584758
3299	7.239993197
3300	7.240402123
3301	7.240811538
3302	7.241221441
3303	7.241631833
3304	7.242042713
3305	7.242454084
3306	7.242865944
3307	7.243278294
3308	7.243691134
3309	7.244104465
3310	7.244518287
3311	7.2449326
3312	7.245347405
3313	7.245762702
3314	7.246178491
3315	7.246594773
3316	7.247011547
3317	7.247428814
3318	7.247846575
3319	7.24826483
3320	7.248683579
3321	7.249102822
3322	7.24952256
3323	7.249942793
3324	7.250363521
3325	7.250784745
3326	7.251206465
3327	7.251628681
3328	7.252051394
3329	7.252474603
3330	7.25289831
3331	7.253322514
3332	7.253747217
3333	7.254172417
3334	7.254598116
3335	7.255024313
3336	7.25545101
3337	7.255878206
3338	7.256305901
3339	7.256734097
3340	7.257162793
3341	7.257591989
3342	7.258021687
3343	7.258451886
3344	7.258882586
3345	7.259313788
3346	7.259745492
3347	7.260177699
3348	7.260610409
3349	7.261043622
3350	7.261477338
3351	7.261911558
3352	7.262346282
3353	7.262781511
3354	7.263217244
3355	7.263653482
3356	7.264090225
3357	7.264527474
3358	7.264965229
3359	7.26540349
3360	7.265842258
3361	7.266281533
3362	7.266721314
3363	7.267161604
3364	7.267602401
3365	7.268043706
3366	7.268485519
3367	7.268927842
3368	7.269370673
3369	7.269814014
3370	7.270257864
3371	7.270702224
3372	7.271147095
3373	7.271592476
3374	7.272038368
3375	7.272484772
3376	7.272931686
3377	7.273379113
3378	7.273827052
3379	7.274275503
3380	7.274724467
3381	7.275173945
3382	7.275623935
3383	7.276074439
3384	7.276525458
3385	7.27697699
3386	7.277429038
3387	7.2778816
3388	7.278334677
3389	7.27878827
3390	7.279242379
3391	7.279697005
3392	7.280152146
3393	7.280607805
3394	7.28106398
3395	7.281520674
3396	7.281977884
3397	7.282435613
3398	7.282893861
3399	7.283352627
3400	7.283811912
3401	7.284271716
3402	7.28473204
3403	7.285192884
3404	7.285654248
3405	7.286116132
3406	7.286578538
3407	7.287041465
3408	7.287504913
3409	7.287968883
3410	7.288433375
3411	7.288898389
3412	7.289363927
3413	7.289829987
3414	7.290296571
3415	7.290763678
3416	7.291231309
3417	7.291699465
3418	7.292168145
3419	7.29263735
3420	7.293107081
3421	7.293577336
3422	7.294048118
3423	7.294519426
3424	7.29499126
3425	7.295463621
3426	7.29593651
3427	7.296409925
3428	7.296883869
3429	7.29735834
3430	7.29783334
3431	7.298308868
3432	7.298784925
3433	7.299261512
3434	7.299738628
3435	7.300216274
3436	7.30069445
3437	7.301173157
3438	7.301652394
3439	7.302132163
3440	7.302612463
3441	7.303093295
3442	7.303574659
3443	7.304056555
3444	7.304538984
3445	7.305021946
3446	7.305505441
3447	7.30598947
3448	7.306474033
3449	7.30695913
3450	7.307444761
3451	7.307930928
3452	7.308417629
3453	7.308904866
3454	7.309392639
3455	7.309880948
3456	7.310369794
3457	7.310859176
3458	7.311349095
3459	7.311839551
3460	7.312330545
3461	7.312822078
3462	7.313314148
3463	7.313806757
3464	7.314299905
3465	7.314793592
3466	7.315287818
3467	7.315782585
3468	7.316277891
3469	7.316773738
3470	7.317270126
3471	7.317767055
3472	7.318264525
3473	7.318762537
3474	7.319261091
3475	7.319760187
3476	7.320259826
3477	7.320760008
3478	7.321260733
3479	7.321762001
3480	7.322263814
3481	7.32276617
3482	7.323269072
3483	7.323772517
3484	7.324276508
3485	7.324781045
3486	7.325286127
3487	7.325791755
3488	7.32629793
3489	7.326804651
3490	7.327311919
3491	7.327819734
3492	7.328328097
3493	7.328837008
3494	7.329346467
3495	7.329856475
3496	7.330367032
3497	7.330878137
3498	7.331389792
3499	7.331901997
3500	7.332414752
3501	7.332928057
3502	7.333441913
3503	7.33395632
3504	7.334471278
3505	7.334986788
3506	7.33550285
3507	7.336019464
3508	7.336536631
3509	7.33705435
3510	7.337572623
3511	7.338091449
3512	7.338610829
3513	7.339130763
3514	7.339651251
3515	7.340172295
3516	7.340693893
3517	7.341216046
3518	7.341738755
3519	7.342262021
3520	7.342785842
3521	7.34331022
3522	7.343835155
3523	7.344360647
3524	7.344886697
3525	7.345413304
3526	7.34594047
3527	7.346468194
3528	7.346996476
3529	7.347525318
3530	7.348054719
3531	7.34858468
3532	7.349115201
3533	7.349646282
3534	7.350177924
3535	7.350710127
3536	7.35124289
3537	7.351776216
3538	7.352310103
3539	7.352844553
3540	7.353379565
3541	7.353915139
3542	7.354451277
3543	7.354987978
3544	7.355525243
3545	7.356063072
3546	7.356601465
3547	7.357140423
3548	7.357679946
3549	7.358220034
3550	7.358760688
3551	7.359301907
3552	7.359843693
3553	7.360386045
3554	7.360928964
3555	7.36147245
3556	7.362016504
3557	7.362561125
3558	7.363106314
3559	7.363652072
3560	7.364198398
3561	7.364745294
3562	7.365292758
3563	7.365840792
3564	7.366389396
3565	7.366938571
3566	7.367488315
3567	7.368038631
3568	7.368589518
3569	7.369140976
3570	7.369693006
3571	7.370245608
3572	7.370798782
3573	7.371352529
3574	7.371906849
3575	7.372461743
3576	7.37301721
3577	7.37357325
3578	7.374129866
3579	7.374687055
3580	7.37524482
3581	7.375803159
3582	7.376362075
3583	7.376921565
3584	7.377481632
3585	7.378042276
3586	7.378603496
3587	7.379165293
3588	7.379727667
3589	7.380290619
3590	7.380854149
3591	7.381418258
3592	7.381982944
3593	7.38254821
3594	7.383114055
3595	7.383680479
3596	7.384247483
3597	7.384815068
3598	7.385383232
3599	7.385951978
3600	7.386521304
3601	7.387091212
3602	7.387661701
3603	7.388232772
3604	7.388804426
3605	7.389376662
3606	7.389949481
3607	7.390522883
3608	7.391096869
3609	7.391671439
3610	7.392246592
3611	7.39282233
3612	7.393398653
3613	7.393975561
3614	7.394553054
3615	7.395131133
3616	7.395709798
3617	7.396289049
3618	7.396868887
3619	7.397449312
3620	7.398030323
3621	7.398611923
3622	7.39919411
3623	7.399776885
3624	7.400360249
3625	7.400944201
3626	7.401528743
3627	7.402113874
3628	7.402699595
3629	7.403285905
3630	7.403872806
3631	7.404460297
3632	7.40504838
3633	7.405637053
3634	7.406226319
3635	7.406816176
3636	7.407406625
3637	7.407997666
3638	7.408589301
3639	7.409181528
3640	7.409774349
3641	7.410367763
3642	7.410961772
3643	7.411556374
3644	7.412151572
3645	7.412747364
3646	7.413343752
3647	7.413940735
3648	7.414538314
3649	7.415136489
3650	7.41573526
3651	7.416334628
3652	7.416934594
3653	7.417535156
3654	7.418136317
3655	7.418738075
3656	7.419340432
3657	7.419943387
3658	7.420546942
3659	7.421151095
3660	7.421755848
3661	7.422361201
3662	7.422967154
3663	7.423573708
3664	7.424180862
3665	7.424788618
3666	7.425396974
3667	7.426005933
3668	7.426615493
3669	7.427225656
3670	7.427836422
3671	7.42844779
3672	7.429059762
3673	7.429672337
3674	7.430285516
3675	7.430899299
3676	7.431513687
3677	7.432128679
3678	7.432744277
3679	7.43336048
3680	7.433977288
3681	7.434594703
3682	7.435212724
3683	7.435831351
3684	7.436450586
3685	7.437070428
3686	7.437690877
3687	7.438311934
3688	7.4389336
3689	7.439555873
3690	7.440178756
3691	7.440802248
3692	7.441426349
3693	7.442051059
3694	7.44267638
3695	7.443302311
3696	7.443928853
3697	7.444556006
3698	7.44518377
3699	7.445812145
3700	7.446441132
3701	7.447070732
3702	7.447700944
3703	7.448331768
3704	7.448963206
3705	7.449595257
3706	7.450227922
3707	7.450861201
3708	7.451495095
3709	7.452129602
3710	7.452764725
3711	7.453400463
3712	7.454036817
3713	7.454673786
3714	7.455311372
3715	7.455949574
3716	7.456588393
3717	7.457227828
3718	7.457867882
3719	7.458508553
3720	7.459149842
3721	7.459791749
3722	7.460434275
3723	7.46107742
3724	7.461721184
3725	7.462365567
3726	7.463010571
3727	7.463656195
3728	7.464302439
3729	7.464949304
3730	7.465596789
3731	7.466244897
3732	7.466893626
3733	7.467542977
3734	7.46819295
3735	7.468843546
3736	7.469494765
3737	7.470146607
3738	7.470799072
3739	7.471452162
3740	7.472105875
3741	7.472760213
3742	7.473415176
3743	7.474070764
3744	7.474726977
3745	7.475383816
3746	7.476041281
3747	7.476699372
3748	7.47735809
3749	7.478017434
3750	7.478677406
3751	7.479338006
3752	7.479999233
3753	7.480661088
3754	7.481323572
3755	7.481986685
3756	7.482650426
3757	7.483314797
3758	7.483979798
3759	7.484645428
3760	7.485311689
3761	7.485978581
3762	7.486646103
3763	7.487314257
3764	7.487983042
3765	7.488652459
3766	7.489322508
3767	7.489993189
3768	7.490664503
3769	7.49133645
3770	7.492009031
3771	7.492682245
3772	7.493356093
3773	7.494030575
3774	7.494705692
3775	7.495381444
3776	7.496057831
3777	7.496734854
3778	7.497412512
3779	7.498090806
3780	7.498769737
3781	7.499449305
3782	7.500129509
3783	7.500810351
3784	7.501491831
3785	7.502173948
3786	7.502856704
3787	7.503540098
3788	7.504224131
3789	7.504908803
3790	7.505594115
3791	7.506280066
3792	7.506966658
3793	7.50765389
3794	7.508341763
3795	7.509030276
3796	7.509719431
3797	7.510409228
3798	7.511099666
3799	7.511790747
3800	7.51248247
3801	7.513174836
3802	7.513867845
3803	7.514561498
3804	7.515255794
3805	7.515950735
3806	7.516646319
3807	7.517342549
3808	7.518039423
3809	7.518736943
3810	7.519435108
3811	7.52013392
3812	7.520833377
3813	7.521533481
3814	7.522234231
3815	7.522935629
3816	7.523637675
3817	7.524340367
3818	7.525043708
3819	7.525747698
3820	7.526452336
3821	7.527157623
3822	7.527863559
3823	7.528570144
3824	7.52927738
3825	7.529985266
3826	7.530693802
3827	7.531402989
3828	7.532112827
3829	7.532823316
3830	7.533534458
3831	7.534246251
3832	7.534958696
3833	7.535671794
3834	7.536385545
3835	7.537099949
3836	7.537815007
3837	7.538530719
3838	7.539247084
3839	7.539964105
3840	7.540681779
3841	7.541400109
3842	7.542119095
3843	7.542838736
3844	7.543559033
3845	7.544279986
3846	7.545001595
3847	7.545723862
3848	7.546446786
3849	7.547170367
3850	7.547894606
3851	7.548619504
3852	7.549345059
3853	7.550071274
3854	7.550798147
3855	7.55152568
3856	7.552253872
3857	7.552982724
3858	7.553712237
3859	7.55444241
3860	7.555173244
3861	7.555904739
3862	7.556636895
3863	7.557369713
3864	7.558103193
3865	7.558837336
3866	7.559572141
3867	7.56030761
3868	7.561043741
3869	7.561780537
3870	7.562517996
3871	7.563256119
3872	7.563994907
3873	7.564734359
3874	7.565474477
3875	7.56621526
3876	7.566956709
3877	7.567698824
3878	7.568441605
3879	7.569185052
3880	7.569929167
3881	7.570673949
3882	7.571419399
3883	7.572165516
3884	7.572912301
3885	7.573659755
3886	7.574407878
3887	7.57515667
3888	7.575906131
3889	7.576656262
3890	7.577407063
3891	7.578158534
3892	7.578910676
3893	7.579663488
3894	7.580416972
3895	7.581171127
3896	7.581925954
3897	7.582681453
3898	7.583437625
3899	7.584194469
3900	7.584951987
3901	7.585710177
3902	7.586469041
3903	7.58722858
3904	7.587988792
3905	7.588749679
3906	7.589511241
3907	7.590273478
3908	7.59103639
3909	7.591799978
3910	7.592564243
3911	7.593329183
3912	7.5940948
3913	7.594861095
3914	7.595628066
3915	7.596395715
3916	7.597164042
3917	7.597933047
3918	7.598702731
3919	7.599473093
3920	7.600244135
3921	7.601015855
3922	7.601788256
3923	7.602561337
3924	7.603335097
3925	7.604109539
3926	7.604884661
3927	7.605660465
3928	7.60643695
3929	7.607214117
3930	7.607991966
3931	7.608770498
3932	7.609549712
3933	7.610329609
3934	7.61111019
3935	7.611891454
3936	7.612673402
3937	7.613456035
3938	7.614239352
3939	7.615023354
3940	7.615808041
3941	7.616593413
3942	7.617379472
3943	7.618166216
3944	7.618953647
3945	7.619741764
3946	7.620530569
3947	7.62132006
3948	7.62211024
3949	7.622901107
3950	7.623692662
3951	7.624484906
3952	7.625277838
3953	7.62607146
3954	7.626865771
3955	7.627660772
3956	7.628456463
3957	7.629252844
3958	7.630049916
3959	7.630847678
3960	7.631646132
3961	7.632445278
3962	7.633245115
3963	7.634045644
3964	7.634846866
3965	7.63564878
3966	7.636451388
3967	7.637254689
3968	7.638058683
3969	7.638863372
3970	7.639668754
3971	7.640474832
3972	7.641281604
3973	7.642089071
3974	7.642897234
3975	7.643706092
3976	7.644515647
3977	7.645325898
3978	7.646136845
3979	7.64694849
3980	7.647760831
3981	7.648573871
3982	7.649387608
3983	7.650202043
3984	7.651017177
3985	7.65183301
3986	7.652649541
3987	7.653466772
3988	7.654284703
3989	7.655103334
3990	7.655922665
3991	7.656742697
3992	7.657563429
3993	7.658384863
3994	7.659206998
3995	7.660029835
3996	7.660853374
3997	7.661677616
3998	7.66250256
3999	7.663328207
4000	7.664154558
4001	7.664981612
4002	7.66580937
4003	7.666637832
4004	7.667466999
4005	7.668296871
4006	7.669127447
4007	7.66995873
4008	7.670790717
4009	7.671623411
4010	7.672456812
4011	7.673290918
4012	7.674125732
4013	7.674961253
4014	7.675797482
4015	7.676634418
4016	7.677472062
4017	7.678310415
4018	7.679149477
4019	7.679989248
4020	7.680829728
4021	7.681670917
4022	7.682512817
4023	7.683355427
4024	7.684198747
4025	7.685042779
4026	7.685887521
4027	7.686732975
4028	7.68757914
4029	7.688426018
4030	7.689273608
4031	7.690121911
4032	7.690970926
4033	7.691820655
4034	7.692671098
4035	7.693522254
4036	7.694374124
4037	7.695226709
4038	7.696080009
4039	7.696934023
4040	7.697788754
4041	7.698644199
4042	7.699500361
4043	7.700357239
4044	7.701214833
4045	7.702073145
4046	7.702932173
4047	7.703791919
4048	7.704652383
4049	7.705513565
4050	7.706375465
4051	7.707238084
4052	7.708101422
4053	7.708965479
4054	7.709830256
4055	7.710695752
4056	7.711561969
4057	7.712428906
4058	7.713296564
4059	7.714164943
4060	7.715034044
4061	7.715903866
4062	7.71677441
4063	7.717645676
4064	7.718517665
4065	7.719390377
4066	7.720263812
4067	7.721137971
4068	7.722012853
4069	7.722888459
4070	7.72376479
4071	7.724641845
4072	7.725519626
4073	7.726398131
4074	7.727277363
4075	7.72815732
4076	7.729038003
4077	7.729919413
4078	7.730801549
4079	7.731684413
4080	7.732568004
4081	7.733452322
4082	7.734337369
4083	7.735223144
4084	7.736109647
4085	7.73699688
4086	7.737884841
4087	7.738773532
4088	7.739662953
4089	7.740553104
4090	7.741443985
4091	7.742335597
4092	7.74322794
4093	7.744121014
4094	7.74501482
4095	7.745909358
4096	7.746804627
4097	7.74770063
4098	7.748597365
4099	7.749494833
4100	7.750393034
4101	7.751291969
4102	7.752191638
4103	7.753092042
4104	7.75399318
4105	7.754895053
4106	7.755797661
4107	7.756701004
4108	7.757605083
4109	7.758509899
4110	7.75941545
4111	7.760321738
4112	7.761228764
4113	7.762136526
4114	7.763045026
4115	7.763954264
4116	7.76486424
4117	7.765774955
4118	7.766686408
4119	7.767598601
4120	7.768511532
4121	7.769425204
4122	7.770339615
4123	7.771254767
4124	7.772170659
4125	7.773087292
4126	7.774004666
4127	7.774922782
4128	7.775841639
4129	7.776761238
4130	7.77768158
4131	7.778602664
4132	7.779524492
4133	7.780447062
4134	7.781370376
4135	7.782294434
4136	7.783219236
4137	7.784144783
4138	7.785071074
4139	7.78599811
4140	7.786925892
4141	7.787854419
4142	7.788783692
4143	7.789713711
4144	7.790644477
4145	7.79157599
4146	7.79250825
4147	7.793441257
4148	7.794375012
4149	7.795309515
4150	7.796244766
4151	7.797180766
4152	7.798117515
4153	7.799055013
4154	7.79999326
4155	7.800932257
4156	7.801872005
4157	7.802812503
4158	7.803753751
4159	7.80469575
4160	7.805638501
4161	7.806582004
4162	7.807526258
4163	7.808471264
4164	7.809417023
4165	7.810363535
4166	7.811310799
4167	7.812258818
4168	7.813207589
4169	7.814157115
4170	7.815107395
4171	7.81605843
4172	7.817010219
4173	7.817962764
4174	7.818916064
4175	7.81987012
4176	7.820824932
4177	7.8217805
4178	7.822736825
4179	7.823693907
4180	7.824651746
4181	7.825610342
4182	7.826569697
4183	7.827529809
4184	7.82849068
4185	7.82945231
4186	7.830414699
4187	7.831377847
4188	7.832341755
4189	7.833306423
4190	7.83427185
4191	7.835238039
4192	7.836204988
4193	7.837172698
4194	7.83814117
4195	7.839110403
4196	7.840080399
4197	7.841051156
4198	7.842022677
4199	7.84299496
4200	7.843968006
4201	7.844941816
4202	7.84591639
4203	7.846891727
4204	7.847867829
4205	7.848844696
4206	7.849822328
4207	7.850800725
4208	7.851779887
4209	7.852759816
4210	7.85374051
4211	7.854721971
4212	7.855704199
4213	7.856687194
4214	7.857670956
4215	7.858655486
4216	7.859640783
4217	7.860626849
4218	7.861613684
4219	7.862601287
4220	7.863589659
4221	7.864578801
4222	7.865568712
4223	7.866559394
4224	7.867550846
4225	7.868543068
4226	7.869536061
4227	7.870529826
4228	7.871524362
4229	7.872519669
4230	7.873515749
4231	7.874512601
4232	7.875510226
4233	7.876508624
4234	7.877507795
4235	7.87850774
4236	7.879508458
4237	7.880509951
4238	7.881512218
4239	7.88251526
4240	7.883519077
4241	7.884523669
4242	7.885529037
4243	7.88653518
4244	7.8875421
4245	7.888549797
4246	7.88955827
4247	7.89056752
4248	7.891577548
4249	7.892588354
4250	7.893599937
4251	7.894612299
4252	7.895625439
4253	7.896639359
4254	7.897654057
4255	7.898669535
4256	7.899685792
4257	7.90070283
4258	7.901720648
4259	7.902739247
4260	7.903758626
4261	7.904778787
4262	7.90579973
4263	7.906821454
4264	7.90784396
4265	7.908867249
4266	7.909891321
4267	7.910916175
4268	7.911941813
4269	7.912968234
4270	7.91399544
4271	7.915023429
4272	7.916052203
4273	7.917081762
4274	7.918112106
4275	7.919143235
4276	7.92017515
4277	7.92120785
4278	7.922241338
4279	7.923275611
4280	7.924310672
4281	7.925346519
4282	7.926383154
4283	7.927420577
4284	7.928458788
4285	7.929497787
4286	7.930537574
4287	7.931578151
4288	7.932619517
4289	7.933661672
4290	7.934704617
4291	7.935748352
4292	7.936792878
4293	7.937838194
4294	7.938884301
4295	7.9399312
4296	7.94097889
4297	7.942027371
4298	7.943076645
4299	7.944126712
4300	7.945177571
4301	7.946229223
4302	7.947281668
4303	7.948334907
4304	7.94938894
4305	7.950443767
4306	7.951499389
4307	7.952555806
4308	7.953613017
4309	7.954671024
4310	7.955729826
4311	7.956789425
4312	7.95784982
4313	7.958911011
4314	7.959972999
4315	7.961035784
4316	7.962099367
4317	7.963163747
4318	7.964228926
4319	7.965294903
4320	7.966361678
4321	7.967429252
4322	7.968497626
4323	7.969566799
4324	7.970636771
4325	7.971707544
4326	7.972779117
4327	7.973851491
4328	7.974924665
4329	7.975998641
4330	7.977073419
4331	7.978148998
4332	7.97922538
4333	7.980302563
4334	7.98138055
4335	7.982459339
4336	7.983538932
4337	7.984619329
4338	7.985700529
4339	7.986782533
4340	7.987865342
4341	7.988948956
4342	7.990033375
4343	7.991118599
4344	7.992204629
4345	7.993291464
4346	7.994379106
4347	7.995467554
4348	7.996556809
4349	7.997646872
4350	7.998737741
4351	7.999829419
4352	8.000921904
4353	8.002015197
4354	8.0031093
4355	8.004204211
4356	8.005299931
4357	8.00639646
4358	8.007493799
4359	8.008591949
4360	8.009690908
4361	8.010790679
4362	8.01189126
4363	8.012992652
4364	8.014094856
4365	8.015197871
4366	8.016301699
4367	8.017406339
4368	8.018511791
4369	8.019618057
4370	8.020725136
4371	8.021833028
4372	8.022941734
4373	8.024051254
4374	8.025161589
4375	8.026272738
4376	8.027384703
4377	8.028497482
4378	8.029611077
4379	8.030725488
4380	8.031840716
4381	8.032956759
4382	8.034073619
4383	8.035191297
4384	8.036309791
4385	8.037429104
4386	8.038549234
4387	8.039670182
4388	8.040791949
4389	8.041914535
4390	8.043037939
4391	8.044162163
4392	8.045287207
4393	8.046413071
4394	8.047539754
4395	8.048667259
4396	8.049795584
4397	8.05092473
4398	8.052054698
4399	8.053185487
4400	8.054317099
4401	8.055449532
4402	8.056582788
4403	8.057716867
4404	8.058851769
4405	8.059987495
4406	8.061124044
4407	8.062261417
4408	8.063399615
4409	8.064538637
4410	8.065678484
4411	8.066819156
4412	8.067960654
4413	8.069102977
4414	8.070246127
4415	8.071390103
4416	8.072534905
4417	8.073680535
4418	8.074826991
4419	8.075974275
4420	8.077122387
4421	8.078271327
4422	8.079421095
4423	8.080571692
4424	8.081723118
4425	8.082875373
4426	8.084028458
4427	8.085182372
4428	8.086337117
4429	8.087492692
4430	8.088649097
4431	8.089806334
4432	8.090964402
4433	8.092123301
4434	8.093283033
4435	8.094443596
4436	8.095604992
4437	8.09676722
4438	8.097930282
4439	8.099094177
4440	8.100258905
4441	8.101424468
4442	8.102590864
4443	8.103758095
4444	8.104926161
4445	8.106095061
4446	8.107264797
4447	8.108435369
4448	8.109606777
4449	8.11077902
4450	8.111952101
4451	8.113126018
4452	8.114300772
4453	8.115476363
4454	8.116652792
4455	8.117830059
4456	8.119008164
4457	8.120187108
4458	8.12136689
4459	8.122547512
4460	8.123728973
4461	8.124911273
4462	8.126094414
4463	8.127278395
4464	8.128463216
4465	8.129648878
4466	8.130835381
4467	8.132022726
4468	8.133210912
4469	8.134399941
4470	8.135589811
4471	8.136780524
4472	8.13797208
4473	8.139164479
4474	8.140357721
4475	8.141551808
4476	8.142746738
4477	8.143942512
4478	8.145139131
4479	8.146336595
4480	8.147534904
4481	8.148734058
4482	8.149934058
4483	8.151134905
4484	8.152336597
4485	8.153539136
4486	8.154742522
4487	8.155946755
4488	8.157151836
4489	8.158357764
4490	8.15956454
4491	8.160772165
4492	8.161980638
4493	8.16318996
4494	8.164400131
4495	8.165611152
4496	8.166823022
4497	8.168035743
4498	8.169249314
4499	8.170463735
4500	8.171679007
4501	8.172895131
4502	8.174112106
4503	8.175329933
4504	8.176548612
4505	8.177768143
4506	8.178988527
4507	8.180209763
4508	8.181431853
4509	8.182654797
4510	8.183878594
4511	8.185103245
4512	8.186328751
4513	8.187555111
4514	8.188782326
4515	8.190010397
4516	8.191239322
4517	8.192469104
4518	8.193699742
4519	8.194931236
4520	8.196163587
4521	8.197396794
4522	8.198630859
4523	8.199865782
4524	8.201101562
4525	8.2023382
4526	8.203575697
4527	8.204814052
4528	8.206053267
4529	8.20729334
4530	8.208534273
4531	8.209776066
4532	8.211018719
4533	8.212262232
4534	8.213506606
4535	8.214751841
4536	8.215997937
4537	8.217244895
4538	8.218492715
4539	8.219741396
4540	8.22099094
4541	8.222241347
4542	8.223492616
4543	8.224744749
4544	8.225997746
4545	8.227251606
4546	8.22850633
4547	8.229761919
4548	8.231018372
4549	8.23227569
4550	8.233533874
4551	8.234792923
4552	8.236052838
4553	8.237313619
4554	8.238575266
4555	8.23983778
4556	8.241101161
4557	8.242365409
4558	8.243630525
4559	8.244896509
4560	8.24616336
4561	8.24743108
4562	8.248699669
4563	8.249969127
4564	8.251239454
4565	8.25251065
4566	8.253782716
4567	8.255055653
4568	8.256329459
4569	8.257604137
4570	8.258879685
4571	8.260156105
4572	8.261433396
4573	8.262711559
4574	8.263990594
4575	8.265270501
4576	8.266551281
4577	8.267832934
4578	8.269115461
4579	8.270398861
4580	8.271683134
4581	8.272968282
4582	8.274254304
4583	8.275541201
4584	8.276828972
4585	8.278117619
4586	8.279407142
4587	8.28069754
4588	8.281988814
4589	8.283280965
4590	8.284573992
4591	8.285867896
4592	8.287162678
4593	8.288458337
4594	8.289754873
4595	8.291052288
4596	8.292350581
4597	8.293649753
4598	8.294949804
4599	8.296250734
4600	8.297552543
4601	8.298855233
4602	8.300158802
4603	8.301463252
4604	8.302768582
4605	8.304074793
4606	8.305381885
4607	8.306689859
4608	8.307998715
4609	8.309308453
4610	8.310619073
4611	8.311930575
4612	8.313242961
4613	8.31455623
4614	8.315870382
4615	8.317185418
4616	8.318501338
4617	8.319818142
4618	8.321135831
4619	8.322454405
4620	8.323773864
4621	8.325094208
4622	8.326415438
4623	8.327737555
4624	8.329060557
4625	8.330384446
4626	8.331709222
4627	8.333034885
4628	8.334361436
4629	8.335688874
4630	8.3370172
4631	8.338346415
4632	8.339676518
4633	8.34100751
4634	8.342339391
4635	8.343672162
4636	8.345005822
4637	8.346340372
4638	8.347675813
4639	8.349012144
4640	8.350349366
4641	8.351687479
4642	8.353026483
4643	8.354366379
4644	8.355707167
4645	8.357048847
4646	8.35839142
4647	8.359734886
4648	8.361079245
4649	8.362424497
4650	8.363770642
4651	8.365117682
4652	8.366465616
4653	8.367814444
4654	8.369164168
4655	8.370514786
4656	8.3718663
4657	8.373218709
4658	8.374572014
4659	8.375926215
4660	8.377281313
4661	8.378637308
4662	8.379994199
4663	8.381351988
4664	8.382710675
4665	8.384070259
4666	8.385430742
4667	8.386792123
4668	8.388154403
4669	8.389517582
4670	8.39088166
4671	8.392246638
4672	8.393612515
4673	8.394979293
4674	8.396346971
4675	8.39771555
4676	8.39908503
4677	8.400455411
4678	8.401826694
4679	8.403198878
4680	8.404571965
4681	8.405945954
4682	8.407320846
4683	8.40869664
4684	8.410073338
4685	8.411450939
4686	8.412829445
4687	8.414208854
4688	8.415589168
4689	8.416970386
4690	8.418352509
4691	8.419735537
4692	8.421119471
4693	8.422504311
4694	8.423890057
4695	8.425276709
4696	8.426664267
4697	8.428052733
4698	8.429442105
4699	8.430832386
4700	8.432223573
4701	8.433615669
4702	8.435008673
4703	8.436402586
4704	8.437797408
4705	8.439193139
4706	8.440589779
4707	8.441987328
4708	8.443385788
4709	8.444785158
4710	8.446185439
4711	8.44758663
4712	8.448988733
4713	8.450391747
4714	8.451795672
4715	8.45320051
4716	8.454606259
4717	8.456012921
4718	8.457420496
4719	8.458828984
4720	8.460238386
4721	8.4616487
4722	8.463059929
4723	8.464472072
4724	8.46588513
4725	8.467299102
4726	8.468713989
4727	8.470129791
4728	8.471546509
4729	8.472964143
4730	8.474382693
4731	8.47580216
4732	8.477222543
4733	8.478643843
4734	8.48006606
4735	8.481489195
4736	8.482913248
4737	8.484338218
4738	8.485764107
4739	8.487190915
4740	8.488618642
4741	8.490047288
4742	8.491476853
4743	8.492907338
4744	8.494338743
4745	8.495771069
4746	8.497204315
4747	8.498638481
4748	8.500073569
4749	8.501509579
4750	8.50294651
4751	8.504384363
4752	8.505823139
4753	8.507262837
4754	8.508703457
4755	8.510145001
4756	8.511587468
4757	8.513030859
4758	8.514475174
4759	8.515920413
4760	8.517366577
4761	8.518813665
4762	8.520261679
4763	8.521710617
4764	8.523160482
4765	8.524611272
4766	8.526062988
4767	8.527515631
4768	8.5289692
4769	8.530423697
4770	8.531879121
4771	8.533335472
4772	8.534792751
4773	8.536250958
4774	8.537710094
4775	8.539170158
4776	8.540631151
4777	8.542093074
4778	8.543555926
4779	8.545019707
4780	8.546484419
4781	8.547950061
4782	8.549416634
4783	8.550884137
4784	8.552352572
4785	8.553821938
4786	8.555292236
4787	8.556763466
4788	8.558235628
4789	8.559708723
4790	8.56118275
4791	8.562657711
4792	8.564133605
4793	8.565610432
4794	8.567088194
4795	8.56856689
4796	8.57004652
4797	8.571527085
4798	8.573008585
4799	8.57449102
4800	8.575974391
4801	8.577458698
4802	8.578943941
4803	8.58043012
4804	8.581917236
4805	8.583405289
4806	8.584894279
4807	8.586384207
4808	8.587875073
4809	8.589366876
4810	8.590859619
4811	8.592353299
4812	8.593847919
4813	8.595343477
4814	8.596839976
4815	8.598337414
4816	8.599835791
4817	8.60133511
4818	8.602835368
4819	8.604336568
4820	8.605838709
4821	8.607341791
4822	8.608845815
4823	8.61035078
4824	8.611856688
4825	8.613363539
4826	8.614871332
4827	8.616380068
4828	8.617889748
4829	8.619400371
4830	8.620911938
4831	8.622424449
4832	8.623937905
4833	8.625452305
4834	8.626967651
4835	8.628483941
4836	8.630001177
4837	8.631519359
4838	8.633038487
4839	8.634558561
4840	8.636079582
4841	8.63760155
4842	8.639124465
4843	8.640648327
4844	8.642173137
4845	8.643698896
4846	8.645225602
4847	8.646753257
4848	8.648281861
4849	8.649811414
4850	8.651341916
4851	8.652873368
4852	8.65440577
4853	8.655939122
4854	8.657473424
4855	8.659008677
4856	8.660544882
4857	8.662082037
4858	8.663620144
4859	8.665159203
4860	8.666699214
4861	8.668240178
4862	8.669782094
4863	8.671324963
4864	8.672868785
4865	8.674413561
4866	8.675959291
4867	8.677505974
4868	8.679053612
4869	8.680602205
4870	8.682151752
4871	8.683702255
4872	8.685253713
4873	8.686806126
4874	8.688359496
4875	8.689913821
4876	8.691469104
4877	8.693025343
4878	8.694582539
4879	8.696140692
4880	8.697699803
4881	8.699259872
4882	8.700820899
4883	8.702382884
4884	8.703945828
4885	8.705509732
4886	8.707074594
4887	8.708640416
4888	8.710207197
4889	8.711774939
4890	8.713343641
4891	8.714913303
4892	8.716483927
4893	8.718055512
4894	8.719628058
4895	8.721201565
4896	8.722776035
4897	8.724351467
4898	8.725927861
4899	8.727505219
4900	8.729083539
4901	8.730662822
4902	8.73224307
4903	8.733824281
4904	8.735406456
4905	8.736989596
4906	8.7385737
4907	8.740158769
4908	8.741744804
4909	8.743331804
4910	8.74491977
4911	8.746508702
4912	8.7480986
4913	8.749689465
4914	8.751281296
4915	8.752874095
4916	8.754467861
4917	8.756062595
4918	8.757658297
4919	8.759254967
4920	8.760852606
4921	8.762451213
4922	8.76405079
4923	8.765651336
4924	8.767252851
4925	8.768855336
4926	8.770458791
4927	8.772063217
4928	8.773668614
4929	8.775274981
4930	8.77688232
4931	8.77849063
4932	8.780099911
4933	8.781710165
4934	8.783321392
4935	8.78493359
4936	8.786546762
4937	8.788160907
4938	8.789776025
4939	8.791392117
4940	8.793009182
4941	8.794627222
4942	8.796246237
4943	8.797866226
4944	8.79948719
4945	8.801109129
4946	8.802732044
4947	8.804355935
4948	8.805980802
4949	8.807606645
4950	8.809233465
4951	8.810861262
4952	8.812490036
4953	8.814119787
4954	8.815750517
4955	8.817382224
4956	8.819014909
4957	8.820648573
4958	8.822283216
4959	8.823918838
4960	8.825555439
4961	8.82719302
4962	8.828831581
4963	8.830471121
4964	8.832111643
4965	8.833753145
4966	8.835395628
4967	8.837039092
4968	8.838683537
4969	8.840328965
4970	8.841975374
4971	8.843622766
4972	8.845271141
4973	8.846920498
4974	8.848570838
4975	8.850222162
4976	8.851874469
4977	8.853527761
4978	8.855182036
4979	8.856837296
4980	8.858493541
4981	8.860150771
4982	8.861808986
4983	8.863468187
4984	8.865128373
4985	8.866789546
4986	8.868451704
4987	8.87011485
4988	8.871778982
4989	8.873444102
4990	8.875110209
4991	8.876777304
4992	8.878445386
4993	8.880114457
4994	8.881784516
4995	8.883455565
4996	8.885127602
4997	8.886800628
4998	8.888474645
4999	8.89014965
5000	8.891825647
5001	8.893502633
5002	8.89518061
5003	8.896859578
5004	8.898539538
5005	8.900220488
5006	8.901902431
5007	8.903585365
5008	8.905269292
5009	8.906954211
5010	8.908640123
5011	8.910327028
5012	8.912014927
5013	8.913703819
5014	8.915393705
5015	8.917084585
5016	8.918776459
5017	8.920469329
5018	8.922163193
5019	8.923858052
5020	8.925553907
5021	8.927250757
5022	8.928948604
5023	8.930647447
5024	8.932347286
5025	8.934048123
5026	8.935749956
5027	8.937452787
5028	8.939156615
5029	8.940861441
5030	8.942567265
5031	8.944274088
5032	8.94598191
5033	8.94769073
5034	8.94940055
5035	8.951111369
5036	8.952823188
5037	8.954536007
5038	8.956249826
5039	8.957964646
5040	8.959680467
5041	8.961397288
5042	8.963115111
5043	8.964833936
5044	8.966553763
5045	8.968274592
5046	8.969996423
5047	8.971719257
5048	8.973443094
5049	8.975167934
5050	8.976893777
5051	8.978620625
5052	8.980348476
5053	8.982077332
5054	8.983807192
5055	8.985538057
5056	8.987269927
5057	8.989002803
5058	8.990736684
5059	8.992471571
5060	8.994207464
5061	8.995944364
5062	8.99768227
5063	8.999421183
5064	9.001161104
5065	9.002902032
5066	9.004643967
5067	9.006386911
5068	9.008130863
5069	9.009875824
5070	9.011621793
5071	9.013368772
5072	9.015116759
5073	9.016865757
5074	9.018615764
5075	9.020366782
5076	9.022118809
5077	9.023871848
5078	9.025625897
5079	9.027380958
5080	9.02913703
5081	9.030894114
5082	9.03265221
5083	9.034411318
5084	9.036171439
5085	9.037932572
5086	9.039694719
5087	9.041457879
5088	9.043222052
5089	9.044987239
5090	9.046753441
5091	9.048520657
5092	9.050288887
5093	9.052058132
5094	9.053828393
5095	9.055599669
5096	9.057371961
5097	9.059145268
5098	9.060919592
5099	9.062694933
5100	9.06447129
5101	9.066248664
5102	9.068027056
5103	9.069806465
5104	9.071586891
5105	9.073368336
5106	9.0751508
5107	9.076934282
5108	9.078718782
5109	9.080504302
5110	9.082290842
5111	9.084078401
5112	9.08586698
5113	9.087656579
5114	9.089447198
5115	9.091238839
5116	9.0930315
5117	9.094825183
5118	9.096619887
5119	9.098415613
5120	9.10021236
5121	9.102010131
5122	9.103808923
5123	9.105608739
5124	9.107409578
5125	9.10921144
5126	9.111014326
5127	9.112818235
5128	9.114623169
5129	9.116429127
5130	9.11823611
5131	9.120044118
5132	9.12185315
5133	9.123663209
5134	9.125474293
5135	9.127286403
5136	9.12909954
5137	9.130913702
5138	9.132728892
5139	9.134545109
5140	9.136362353
5141	9.138180624
5142	9.139999924
5143	9.141820251
5144	9.143641607
5145	9.145463992
5146	9.147287405
5147	9.149111848
5148	9.150937319
5149	9.152763821
5150	9.154591352
5151	9.156419914
5152	9.158249506
5153	9.160080129
5154	9.161911783
5155	9.163744468
5156	9.165578185
5157	9.167412933
5158	9.169248713
5159	9.171085526
5160	9.172923371
5161	9.174762249
5162	9.17660216
5163	9.178443104
5164	9.180285082
5165	9.182128094
5166	9.18397214
5167	9.18581722
5168	9.187663335
5169	9.189510485
5170	9.19135867
5171	9.193207891
5172	9.195058147
5173	9.196909439
5174	9.198761767
5175	9.200615132
5176	9.202469533
5177	9.204324972
5178	9.206181448
5179	9.208038961
5180	9.209897512
5181	9.211757101
5182	9.213617728
5183	9.215479394
5184	9.217342099
5185	9.219205842
5186	9.221070626
5187	9.222936448
5188	9.224803311
5189	9.226671214
5190	9.228540157
5191	9.23041014
5192	9.232281165
5193	9.234153231
5194	9.236026338
5195	9.237900487
5196	9.239775677
5197	9.24165191
5198	9.243529186
5199	9.245407504
5200	9.247286865
5201	9.24916727
5202	9.251048718
5203	9.252931209
5204	9.254814745
5205	9.256699325
5206	9.258584949
5207	9.260471619
5208	9.262359333
5209	9.264248093
5210	9.266137898
5211	9.268028749
5212	9.269920646
5213	9.27181359
5214	9.27370758
5215	9.275602617
5216	9.277498701
5217	9.279395833
5218	9.281294012
5219	9.283193239
5220	9.285093515
5221	9.286994838
5222	9.288897211
5223	9.290800632
5224	9.292705103
5225	9.294610623
5226	9.296517193
5227	9.298424812
5228	9.300333482
5229	9.302243203
5230	9.304153974
5231	9.306065796
5232	9.30797867
5233	9.309892595
5234	9.311807572
5235	9.313723601
5236	9.315640682
5237	9.317558816
5238	9.319478003
5239	9.321398243
5240	9.323319536
5241	9.325241882
5242	9.327165283
5243	9.329089738
5244	9.331015247
5245	9.33294181
5246	9.334869429
5247	9.336798103
5248	9.338727832
5249	9.340658617
5250	9.342590458
5251	9.344523355
5252	9.346457308
5253	9.348392318
5254	9.350328385
5255	9.352265509
5256	9.354203691
5257	9.35614293
5258	9.358083228
5259	9.360024584
5260	9.361966998
5261	9.363910471
5262	9.365855003
5263	9.367800594
5264	9.369747245
5265	9.371694955
5266	9.373643726
5267	9.375593557
5268	9.377544448
5269	9.3794964
5270	9.381449414
5271	9.383403488
5272	9.385358625
5273	9.387314823
5274	9.389272083
5275	9.391230406
5276	9.393189791
5277	9.395150239
5278	9.39711175
5279	9.399074324
5280	9.401037963
5281	9.403002665
5282	9.404968431
5283	9.406935262
5284	9.408903157
5285	9.410872117
5286	9.412842143
5287	9.414813233
5288	9.41678539
5289	9.418758612
5290	9.420732901
5291	9.422708256
5292	9.424684678
5293	9.426662167
5294	9.428640723
5295	9.430620347
5296	9.432601038
5297	9.434582797
5298	9.436565625
5299	9.438549521
5300	9.440534485
5301	9.442520519
5302	9.444507622
5303	9.446495795
5304	9.448485037
5305	9.45047535
5306	9.452466732
5307	9.454459186
5308	9.45645271
5309	9.458447305
5310	9.460442971
5311	9.462439709
5312	9.464437519
5313	9.466436401
5314	9.468436355
5315	9.470437382
5316	9.472439482
5317	9.474442654
5318	9.4764469
5319	9.47845222
5320	9.480458614
5321	9.482466082
5322	9.484474624
5323	9.48648424
5324	9.488494932
5325	9.490506699
5326	9.492519541
5327	9.494533458
5328	9.496548452
5329	9.498564522
5330	9.500581668
5331	9.502599891
5332	9.504619191
5333	9.506639568
5334	9.508661022
5335	9.510683554
5336	9.512707164
5337	9.514731852
5338	9.516757619
5339	9.518784464
5340	9.520812389
5341	9.522841392
5342	9.524871475
5343	9.526902638
5344	9.52893488
5345	9.530968203
5346	9.533002606
5347	9.53503809
5348	9.537074655
5349	9.539112301
5350	9.541151029
5351	9.543190839
5352	9.54523173
5353	9.547273704
5354	9.54931676
5355	9.551360899
5356	9.553406121
5357	9.555452426
5358	9.557499814
5359	9.559548287
5360	9.561597843
5361	9.563648484
5362	9.565700209
5363	9.567753019
5364	9.569806914
5365	9.571861895
5366	9.57391796
5367	9.575975112
5368	9.57803335
5369	9.580092674
5370	9.582153084
5371	9.584214582
5372	9.586277166
5373	9.588340837
5374	9.590405597
5375	9.592471444
5376	9.594538379
5377	9.596606402
5378	9.598675514
5379	9.600745715
5380	9.602817004
5381	9.604889384
5382	9.606962852
5383	9.609037411
5384	9.611113059
5385	9.613189798
5386	9.615267628
5387	9.617346548
5388	9.619426559
5389	9.621507662
5390	9.623589856
5391	9.625673142
5392	9.627757521
5393	9.629842991
5394	9.631929554
5395	9.63401721
5396	9.636105959
5397	9.638195802
5398	9.640286738
5399	9.642378767
5400	9.644471891
5401	9.64656611
5402	9.648661422
5403	9.65075783
5404	9.652855333
5405	9.654953931
5406	9.657053625
5407	9.659154415
5408	9.6612563
5409	9.663359282
5410	9.665463361
5411	9.667568537
5412	9.669674809
5413	9.671782179
5414	9.673890647
5415	9.676000212
5416	9.678110876
5417	9.680222638
5418	9.682335498
5419	9.684449458
5420	9.686564516
5421	9.688680674
5422	9.690797931
5423	9.692916289
5424	9.695035746
5425	9.697156304
5426	9.699277962
5427	9.701400721
5428	9.703524582
5429	9.705649544
5430	9.707775607
5431	9.709902772
5432	9.712031039
5433	9.714160409
5434	9.716290881
5435	9.718422456
5436	9.720555135
5437	9.722688916
5438	9.724823801
5439	9.72695979
5440	9.729096883
5441	9.731235081
5442	9.733374383
5443	9.73551479
5444	9.737656302
5445	9.739798919
5446	9.741942642
5447	9.744087471
5448	9.746233406
5449	9.748380447
5450	9.750528595
5451	9.75267785
5452	9.754828212
5453	9.756979681
5454	9.759132257
5455	9.761285942
5456	9.763440735
5457	9.765596636
5458	9.767753645
5459	9.769911764
5460	9.772070991
5461	9.774231328
5462	9.776392774
5463	9.778555331
5464	9.780718997
5465	9.782883773
5466	9.785049661
5467	9.787216659
5468	9.789384768
5469	9.791553988
5470	9.79372432
5471	9.795895764
5472	9.79806832
5473	9.800241988
5474	9.802416768
5475	9.804592662
5476	9.806769668
5477	9.808947788
5478	9.811127021
5479	9.813307369
5480	9.81548883
5481	9.817671405
5482	9.819855095
5483	9.8220399
5484	9.82422582
5485	9.826412855
5486	9.828601006
5487	9.830790272
5488	9.832980654
5489	9.835172153
5490	9.837364768
5491	9.8395585
5492	9.841753349
5493	9.843949315
5494	9.846146399
5495	9.8483446
5496	9.85054392
5497	9.852744358
5498	9.854945914
5499	9.857148589
5500	9.859352382
5501	9.861557296
5502	9.863763328
5503	9.86597048
5504	9.868178753
5505	9.870388145
5506	9.872598658
5507	9.874810292
5508	9.877023046
5509	9.879236922
5510	9.881451919
5511	9.883668038
5512	9.885885279
5513	9.888103642
5514	9.890323128
5515	9.892543736
5516	9.894765467
5517	9.896988321
5518	9.899212299
5519	9.9014374
5520	9.903663625
5521	9.905890975
5522	9.908119448
5523	9.910349047
5524	9.91257977
5525	9.914811618
5526	9.917044592
5527	9.919278691
5528	9.921513917
5529	9.923750268
5530	9.925987746
5531	9.92822635
5532	9.930466081
5533	9.93270694
5534	9.934948925
5535	9.937192038
5536	9.939436279
5537	9.941681649
5538	9.943928146
5539	9.946175772
5540	9.948424527
5541	9.950674411
5542	9.952925424
5543	9.955177566
5544	9.957430839
5545	9.959685241
5546	9.961940774
5547	9.964197437
5548	9.966455231
5549	9.968714156
5550	9.970974213
5551	9.973235401
5552	9.97549772
5553	9.977761172
5554	9.980025755
5555	9.982291472
5556	9.984558321
5557	9.986826303
5558	9.989095418
5559	9.991365666
5560	9.993637048
5561	9.995909565
5562	9.998183215
5563	10.000458
5564	10.00273392
5565	10.00501097
5566	10.00728916
5567	10.00956849
5568	10.01184895
5569	10.01413055
5570	10.01641328
5571	10.01869715
5572	10.02098215
5573	10.02326829
5574	10.02555557
5575	10.02784399
5576	10.03013355
5577	10.03242424
5578	10.03471607
5579	10.03700904
5580	10.03930314
5581	10.04159839
5582	10.04389478
5583	10.0461923
5584	10.04849096
5585	10.05079077
5586	10.05309171
5587	10.0553938
5588	10.05769702
5589	10.06000139
5590	10.06230689
5591	10.06461354
5592	10.06692133
5593	10.06923026
5594	10.07154033
5595	10.07385155
5596	10.0761639
5597	10.0784774
5598	10.08079205
5599	10.08310783
5600	10.08542476
5601	10.08774284
5602	10.09006205
5603	10.09238241
5604	10.09470392
5605	10.09702657
5606	10.09935036
5607	10.1016753
5608	10.10400139
5609	10.10632862
5610	10.108657
5611	10.11098652
5612	10.11331719
5613	10.11564901
5614	10.11798197
5615	10.12031608
5616	10.12265133
5617	10.12498774
5618	10.12732529
5619	10.12966399
5620	10.13200384
5621	10.13434484
5622	10.13668698
5623	10.13903028
5624	10.14137472
5625	10.14372031
5626	10.14606706
5627	10.14841495
5628	10.15076399
5629	10.15311419
5630	10.15546553
5631	10.15781803
5632	10.16017167
5633	10.16252647
5634	10.16488242
5635	10.16723952
5636	10.16959777
5637	10.17195718
5638	10.17431774
5639	10.17667945
5640	10.17904231
5641	10.18140633
5642	10.1837715
5643	10.18613782
5644	10.1885053
5645	10.19087394
5646	10.19324372
5647	10.19561466
5648	10.19798676
5649	10.20036001
5650	10.20273442
5651	10.20510998
5652	10.2074867
5653	10.20986458
5654	10.21224361
5655	10.2146238
5656	10.21700515
5657	10.21938765
5658	10.22177131
5659	10.22415613
5660	10.2265421
5661	10.22892923
5662	10.23131753
5663	10.23370698
5664	10.23609759
5665	10.23848935
5666	10.24088228
5667	10.24327637
5668	10.24567162
5669	10.24806802
5670	10.25046559
5671	10.25286432
5672	10.25526421
5673	10.25766525
5674	10.26006746
5675	10.26247084
5676	10.26487537
5677	10.26728107
5678	10.26968792
5679	10.27209594
5680	10.27450513
5681	10.27691547
5682	10.27932698
5683	10.28173965
5684	10.28415349
5685	10.28656849
5686	10.28898465
5687	10.29140198
5688	10.29382047
5689	10.29624013
5690	10.29866095
5691	10.30108294
5692	10.30350609
5693	10.30593041
5694	10.30835589
5695	10.31078254
5696	10.31321036
5697	10.31563934
5698	10.31806949
5699	10.32050081
5700	10.3229333
5701	10.32536695
5702	10.32780177
5703	10.33023776
5704	10.33267492
5705	10.33511324
5706	10.33755274
5707	10.3399934
5708	10.34243523
5709	10.34487824
5710	10.34732241
5711	10.34976775
5712	10.35221426
5713	10.35466194
5714	10.3571108
5715	10.35956082
5716	10.36201202
5717	10.36446439
5718	10.36691792
5719	10.36937263
5720	10.37182852
5721	10.37428557
5722	10.3767438
5723	10.3792032
5724	10.38166377
5725	10.38412552
5726	10.38658844
5727	10.38905254
5728	10.3915178
5729	10.39398425
5730	10.39645186
5731	10.39892066
5732	10.40139062
5733	10.40386176
5734	10.40633408
5735	10.40880757
5736	10.41128224
5737	10.41375809
5738	10.41623511
5739	10.41871331
5740	10.42119268
5741	10.42367323
5742	10.42615496
5743	10.42863787
5744	10.43112196
5745	10.43360722
5746	10.43609366
5747	10.43858128
5748	10.44107008
5749	10.44356005
5750	10.44605121
5751	10.44854355
5752	10.45103706
5753	10.45353176
5754	10.45602763
5755	10.45852469
5756	10.46102292
5757	10.46352234
5758	10.46602294
5759	10.46852472
5760	10.47102768
5761	10.47353182
5762	10.47603715
5763	10.47854366
5764	10.48105135
5765	10.48356022
5766	10.48607027
5767	10.48858151
5768	10.49109393
5769	10.49360754
5770	10.49612233
5771	10.4986383
5772	10.50115546
5773	10.5036738
5774	10.50619333
5775	10.50871405
5776	10.51123594
5777	10.51375903
5778	10.5162833
5779	10.51880875
5780	10.52133539
5781	10.52386322
5782	10.52639224
5783	10.52892244
5784	10.53145383
5785	10.5339864
5786	10.53652017
5787	10.53905512
5788	10.54159126
5789	10.54412859
5790	10.5466671
5791	10.54920681
5792	10.5517477
5793	10.55428979
5794	10.55683306
5795	10.55937752
5796	10.56192318
5797	10.56447002
5798	10.56701805
5799	10.56956728
5800	10.57211769
5801	10.5746693
5802	10.5772221
5803	10.57977609
5804	10.58233127
5805	10.58488764
5806	10.58744521
5807	10.59000396
5808	10.59256392
5809	10.59512506
5810	10.5976874
5811	10.60025093
5812	10.60281565
5813	10.60538157
5814	10.60794868
5815	10.61051699
5816	10.61308649
5817	10.61565719
5818	10.61822908
5819	10.62080216
5820	10.62337645
5821	10.62595192
5822	10.6285286
5823	10.63110647
5824	10.63368554
5825	10.6362658
5826	10.63884726
5827	10.64142992
5828	10.64401377
5829	10.64659882
5830	10.64918508
5831	10.65177252
5832	10.65436117
5833	10.65695102
5834	10.65954206
5835	10.6621343
5836	10.66472775
5837	10.66732239
5838	10.66991823
5839	10.67251527
5840	10.67511351
5841	10.67771296
5842	10.6803136
5843	10.68291544
5844	10.68551849
5845	10.68812273
5846	10.69072818
5847	10.69333483
5848	10.69594268
5849	10.69855174
5850	10.70116199
5851	10.70377345
5852	10.70638612
5853	10.70899998
5854	10.71161505
5855	10.71423132
5856	10.7168488
5857	10.71946748
5858	10.72208736
5859	10.72470845
5860	10.72733075
5861	10.72995425
5862	10.73257895
5863	10.73520486
5864	10.73783197
5865	10.7404603
5866	10.74308982
5867	10.74572056
5868	10.7483525
5869	10.75098565
5870	10.75362
5871	10.75625556
5872	10.75889233
5873	10.76153031
5874	10.76416949
5875	10.76680989
5876	10.76945149
5877	10.7720943
5878	10.77473832
5879	10.77738355
5880	10.78002999
5881	10.78267764
5882	10.78532649
5883	10.78797656
5884	10.79062784
5885	10.79328033
5886	10.79593403
5887	10.79858894
5888	10.80124506
5889	10.80390239
5890	10.80656094
5891	10.80922069
5892	10.81188166
5893	10.81454384
5894	10.81720724
5895	10.81987184
5896	10.82253766
5897	10.82520469
5898	10.82787294
5899	10.8305424
5900	10.83321307
5901	10.83588496
5902	10.83855807
5903	10.84123238
5904	10.84390791
5905	10.84658466
5906	10.84926262
5907	10.8519418
5908	10.8546222
5909	10.85730381
5910	10.85998663
5911	10.86267068
5912	10.86535593
5913	10.86804241
5914	10.8707301
5915	10.87341901
5916	10.87610914
5917	10.87880049
5918	10.88149305
5919	10.88418684
5920	10.88688184
5921	10.88957806
5922	10.8922755
5923	10.89497415
5924	10.89767403
5925	10.90037513
5926	10.90307745
5927	10.90578098
5928	10.90848574
5929	10.91119172
5930	10.91389892
5931	10.91660734
5932	10.91931698
5933	10.92202784
5934	10.92473992
5935	10.92745323
5936	10.93016776
5937	10.93288351
5938	10.93560048
5939	10.93831868
5940	10.9410381
5941	10.94375874
5942	10.94648061
5943	10.9492037
5944	10.95192801
5945	10.95465355
5946	10.95738031
5947	10.9601083
5948	10.96283751
5949	10.96556795
5950	10.96829961
5951	10.9710325
5952	10.97376661
5953	10.97650195
5954	10.97923851
5955	10.98197631
5956	10.98471533
5957	10.98745557
5958	10.99019704
5959	10.99293974
5960	10.99568367
5961	10.99842883
5962	11.00117521
5963	11.00392282
5964	11.00667166
5965	11.00942173
5966	11.01217303
5967	11.01492556
5968	11.01767932
5969	11.0204343
5970	11.02319052
5971	11.02594796
5972	11.02870664
5973	11.03146655
5974	11.03422768
5975	11.03699005
5976	11.03975365
5977	11.04251848
5978	11.04528455
5979	11.04805184
5980	11.05082037
5981	11.05359013
5982	11.05636112
5983	11.05913334
5984	11.0619068
5985	11.06468149
5986	11.06745741
5987	11.07023457
5988	11.07301296
5989	11.07579259
5990	11.07857345
5991	11.08135554
5992	11.08413887
5993	11.08692344
5994	11.08970923
5995	11.09249627
5996	11.09528454
5997	11.09807405
5998	11.10086479
5999	11.10365677
6000	11.10644998
6001	11.10924444
6002	11.11204012
6003	11.11483705
6004	11.11763521
6005	11.12043462
6006	11.12323526
6007	11.12603713
6008	11.12884025
6009	11.1316446
6010	11.1344502
6011	11.13725703
6012	11.1400651
6013	11.14287441
6014	11.14568496
6015	11.14849675
6016	11.15130978
6017	11.15412406
6018	11.15693957
6019	11.15975632
6020	11.16257431
6021	11.16539355
6022	11.16821402
6023	11.17103574
6024	11.1738587
6025	11.1766829
6026	11.17950835
6027	11.18233504
6028	11.18516297
6029	11.18799214
6030	11.19082255
6031	11.19365421
6032	11.19648712
6033	11.19932126
6034	11.20215666
6035	11.20499329
6036	11.20783117
6037	11.2106703
6038	11.21351067
6039	11.21635228
6040	11.21919514
6041	11.22203925
6042	11.2248846
6043	11.2277312
6044	11.23057905
6045	11.23342814
6046	11.23627848
6047	11.23913006
6048	11.24198289
6049	11.24483697
6050	11.2476923
6051	11.25054888
6052	11.2534067
6053	11.25626577
6054	11.25912609
6055	11.26198766
6056	11.26485048
6057	11.26771455
6058	11.27057987
6059	11.27344643
6060	11.27631425
6061	11.27918332
6062	11.28205363
6063	11.2849252
6064	11.28779802
6065	11.29067209
6066	11.29354741
6067	11.29642398
6068	11.29930181
6069	11.30218088
6070	11.30506121
6071	11.30794279
6072	11.31082563
6073	11.31370971
6074	11.31659505
6075	11.31948164
6076	11.32236949
6077	11.32525859
6078	11.32814894
6079	11.33104055
6080	11.33393341
6081	11.33682752
6082	11.33972289
6083	11.34261952
6084	11.3455174
6085	11.34841654
6086	11.35131693
6087	11.35421858
6088	11.35712148
6089	11.36002564
6090	11.36293106
6091	11.36583773
6092	11.36874566
6093	11.37165485
6094	11.37456529
6095	11.37747699
6096	11.38038995
6097	11.38330417
6098	11.38621965
6099	11.38913638
6100	11.39205438
6101	11.39497363
6102	11.39789414
6103	11.40081591
6104	11.40373894
6105	11.40666323
6106	11.40958878
6107	11.4125156
6108	11.41544367
6109	11.418373
6110	11.42130359
6111	11.42423545
6112	11.42716856
6113	11.43010294
6114	11.43303858
6115	11.43597548
6116	11.43891364
6117	11.44185306
6118	11.44479375
6119	11.4477357
6120	11.45067892
6121	11.45362339
6122	11.45656913
6123	11.45951614
6124	11.46246441
6125	11.46541394
6126	11.46836474
6127	11.4713168
6128	11.47427012
6129	11.47722471
6130	11.48018057
6131	11.48313769
6132	11.48609608
6133	11.48905573
6134	11.49201665
6135	11.49497884
6136	11.49794229
6137	11.50090701
6138	11.503873
6139	11.50684025
6140	11.50980877
6141	11.51277856
6142	11.51574962
6143	11.51872194
6144	11.52169554
6145	11.5246704
6146	11.52764653
6147	11.53062393
6148	11.5336026
6149	11.53658253
6150	11.53956374
6151	11.54254622
6152	11.54552997
6153	11.54851498
6154	11.55150127
6155	11.55448883
6156	11.55747766
6157	11.56046776
6158	11.56345913
6159	11.56645178
6160	11.56944569
6161	11.57244088
6162	11.57543734
6163	11.57843507
6164	11.58143408
6165	11.58443435
6166	11.5874359
6167	11.59043873
6168	11.59344282
6169	11.5964482
6170	11.59945484
6171	11.60246276
6172	11.60547195
6173	11.60848242
6174	11.61149416
6175	11.61450718
6176	11.61752148
6177	11.62053704
6178	11.62355389
6179	11.62657201
6180	11.6295914
6181	11.63261208
6182	11.63563403
6183	11.63865725
6184	11.64168175
6185	11.64470753
6186	11.64773459
6187	11.65076293
6188	11.65379254
6189	11.65682343
6190	11.6598556
6191	11.66288905
6192	11.66592377
6193	11.66895978
6194	11.67199706
6195	11.67503562
6196	11.67807547
6197	11.68111659
6198	11.68415899
6199	11.68720268
6200	11.69024764
6201	11.69329388
6202	11.69634141
6203	11.69939021
6204	11.7024403
6205	11.70549167
6206	11.70854432
6207	11.71159825
6208	11.71465346
6209	11.71770996
6210	11.72076774
6211	11.7238268
6212	11.72688715
6213	11.72994877
6214	11.73301169
6215	11.73607588
6216	11.73914136
6217	11.74220812
6218	11.74527617
6219	11.7483455
6220	11.75141612
6221	11.75448802
6222	11.7575612
6223	11.76063567
6224	11.76371143
6225	11.76678847
6226	11.7698668
6227	11.77294642
6228	11.77602732
6229	11.77910951
6230	11.78219298
6231	11.78527774
6232	11.78836379
6233	11.79145113
6234	11.79453975
6235	11.79762966
6236	11.80072086
6237	11.80381335
6238	11.80690713
6239	11.81000219
6240	11.81309855
6241	11.81619619
6242	11.81929512
6243	11.82239535
6244	11.82549686
6245	11.82859966
6246	11.83170375
6247	11.83480914
6248	11.83791581
6249	11.84102377
6250	11.84413303
6251	11.84724358
6252	11.85035541
6253	11.85346854
6254	11.85658297
6255	11.85969868
6256	11.86281569
6257	11.86593399
6258	11.86905358
6259	11.87217446
6260	11.87529664
6261	11.87842011
6262	11.88154488
6263	11.88467093
6264	11.88779829
6265	11.89092693
6266	11.89405687
6267	11.89718811
6268	11.90032064
6269	11.90345447
6270	11.90658959
6271	11.90972601
6272	11.91286372
6273	11.91600273
6274	11.91914303
6275	11.92228463
6276	11.92542753
6277	11.92857172
6278	11.93171722
6279	11.934864
6280	11.93801209
6281	11.94116147
6282	11.94431215
6283	11.94746413
6284	11.95061741
6285	11.95377199
6286	11.95692786
6287	11.96008504
6288	11.96324351
6289	11.96640328
6290	11.96956435
6291	11.97272672
6292	11.9758904
6293	11.97905537
6294	11.98222164
6295	11.98538921
6296	11.98855808
6297	11.99172826
6298	11.99489973
6299	11.99807251
6300	12.00124659
6301	12.00442197
6302	12.00759865
6303	12.01077664
6304	12.01395592
6305	12.01713651
6306	12.02031841
6307	12.0235016
6308	12.0266861
6309	12.0298719
6310	12.03305901
6311	12.03624742
6312	12.03943713
6313	12.04262815
6314	12.04582047
6315	12.0490141
6316	12.05220904
6317	12.05540527
6318	12.05860282
6319	12.06180167
6320	12.06500182
6321	12.06820328
6322	12.07140605
6323	12.07461012
6324	12.0778155
6325	12.08102219
6326	12.08423018
6327	12.08743949
6328	12.0906501
6329	12.09386201
6330	12.09707524
6331	12.10028977
6332	12.10350561
6333	12.10672276
6334	12.10994122
6335	12.11316099
6336	12.11638206
6337	12.11960445
6338	12.12282814
6339	12.12605315
6340	12.12927946
6341	12.13250709
6342	12.13573602
6343	12.13896627
6344	12.14219783
6345	12.1454307
6346	12.14866488
6347	12.15190037
6348	12.15513717
6349	12.15837528
6350	12.16161471
6351	12.16485545
6352	12.1680975
6353	12.17134086
6354	12.17458554
6355	12.17783153
6356	12.18107883
6357	12.18432745
6358	12.18757738
6359	12.19082862
6360	12.19408118
6361	12.19733506
6362	12.20059024
6363	12.20384675
6364	12.20710456
6365	12.2103637
6366	12.21362414
6367	12.21688591
6368	12.22014899
6369	12.22341338
6370	12.22667909
6371	12.22994612
6372	12.23321447
6373	12.23648413
6374	12.2397551
6375	12.2430274
6376	12.24630101
6377	12.24957594
6378	12.25285219
6379	12.25612976
6380	12.25940864
6381	12.26268885
6382	12.26597037
6383	12.26925321
6384	12.27253737
6385	12.27582285
6386	12.27910965
6387	12.28239777
6388	12.28568721
6389	12.28897797
6390	12.29227004
6391	12.29556344
6392	12.29885816
6393	12.30215421
6394	12.30545157
6395	12.30875025
6396	12.31205026
6397	12.31535159
6398	12.31865423
6399	12.32195821
6400	12.3252635
6401	12.32857012
6402	12.33187806
6403	12.33518732
6404	12.3384979
6405	12.34180981
6406	12.34512305
6407	12.3484376
6408	12.35175348
6409	12.35507069
6410	12.35838922
6411	12.36170907
6412	12.36503025
6413	12.36835275
6414	12.37167658
6415	12.37500174
6416	12.37832822
6417	12.38165602
6418	12.38498515
6419	12.38831561
6420	12.3916474
6421	12.39498051
6422	12.39831495
6423	12.40165071
6424	12.40498781
6425	12.40832623
6426	12.41166598
6427	12.41500705
6428	12.41834946
6429	12.42169319
6430	12.42503825
6431	12.42838464
6432	12.43173236
6433	12.43508141
6434	12.43843179
6435	12.44178349
6436	12.44513653
6437	12.4484909
6438	12.45184659
6439	12.45520362
6440	12.45856198
6441	12.46192167
6442	12.46528269
6443	12.46864504
6444	12.47200872
6445	12.47537374
6446	12.47874008
6447	12.48210776
6448	12.48547677
6449	12.48884711
6450	12.49221879
6451	12.4955918
6452	12.49896614
6453	12.50234181
6454	12.50571882
6455	12.50909716
6456	12.51247683
6457	12.51585784
6458	12.51924019
6459	12.52262386
6460	12.52600888
6461	12.52939522
6462	12.53278291
6463	12.53617192
6464	12.53956228
6465	12.54295397
6466	12.54634699
6467	12.54974135
6468	12.55313705
6469	12.55653408
6470	12.55993245
6471	12.56333216
6472	12.5667332
6473	12.57013559
6474	12.5735393
6475	12.57694436
6476	12.58035076
6477	12.58375849
6478	12.58716756
6479	12.59057797
6480	12.59398972
6481	12.5974028
6482	12.60081723
6483	12.60423299
6484	12.6076501
6485	12.61106854
6486	12.61448833
6487	12.61790945
6488	12.62133192
6489	12.62475572
6490	12.62818087
6491	12.63160736
6492	12.63503519
6493	12.63846436
6494	12.64189487
6495	12.64532672
6496	12.64875991
6497	12.65219445
6498	12.65563033
6499	12.65906755
6500	12.66250612
6501	12.66594602
6502	12.66938727
6503	12.67282987
6504	12.67627381
6505	12.67971909
6506	12.68316571
6507	12.68661368
6508	12.69006299
6509	12.69351365
6510	12.69696565
6511	12.700419
6512	12.7038737
6513	12.70732973
6514	12.71078712
6515	12.71424585
6516	12.71770592
6517	12.72116734
6518	12.72463011
6519	12.72809423
6520	12.73155969
6521	12.7350265
6522	12.73849465
6523	12.74196415
6524	12.745435
6525	12.7489072
6526	12.75238075
6527	12.75585564
6528	12.75933188
6529	12.76280947
6530	12.76628841
6531	12.7697687
6532	12.77325034
6533	12.77673333
6534	12.78021766
6535	12.78370335
6536	12.78719039
6537	12.79067877
6538	12.79416851
6539	12.7976596
6540	12.80115204
6541	12.80464582
6542	12.80814096
6543	12.81163746
6544	12.8151353
6545	12.81863449
6546	12.82213504
6547	12.82563694
6548	12.82914019
6549	12.83264479
6550	12.83615075
6551	12.83965806
6552	12.84316672
6553	12.84667674
6554	12.85018811
6555	12.85370083
6556	12.85721491
6557	12.86073034
6558	12.86424712
6559	12.86776526
6560	12.87128476
6561	12.87480561
6562	12.87832781
6563	12.88185137
6564	12.88537629
6565	12.88890256
6566	12.89243018
6567	12.89595917
6568	12.89948951
6569	12.9030212
6570	12.90655425
6571	12.91008866
6572	12.91362443
6573	12.91716155
6574	12.92070003
6575	12.92423987
6576	12.92778107
6577	12.93132363
6578	12.93486754
6579	12.93841281
6580	12.94195944
6581	12.94550743
6582	12.94905678
6583	12.95260749
6584	12.95615955
6585	12.95971298
6586	12.96326777
6587	12.96682391
6588	12.97038142
6589	12.97394029
6590	12.97750051
6591	12.9810621
6592	12.98462505
6593	12.98818936
6594	12.99175504
6595	12.99532207
6596	12.99889046
6597	13.00246022
6598	13.00603134
6599	13.00960383
6600	13.01317767
6601	13.01675288
6602	13.02032945
6603	13.02390738
6604	13.02748668
6605	13.03106734
6606	13.03464937
6607	13.03823276
6608	13.04181751
6609	13.04540363
6610	13.04899111
6611	13.05257995
6612	13.05617017
6613	13.05976174
6614	13.06335469
6615	13.06694899
6616	13.07054467
6617	13.07414171
6618	13.07774011
6619	13.08133988
6620	13.08494102
6621	13.08854353
6622	13.0921474
6623	13.09575264
6624	13.09935924
6625	13.10296722
6626	13.10657656
6627	13.11018727
6628	13.11379935
6629	13.11741279
6630	13.12102761
6631	13.12464379
6632	13.12826134
6633	13.13188026
6634	13.13550056
6635	13.13912222
6636	13.14274524
6637	13.14636964
6638	13.14999541
6639	13.15362255
6640	13.15725106
6641	13.16088094
6642	13.1645122
6643	13.16814482
6644	13.17177881
6645	13.17541418
6646	13.17905091
6647	13.18268902
6648	13.1863285
6649	13.18996936
6650	13.19361158
6651	13.19725518
6652	13.20090015
6653	13.20454649
6654	13.20819421
6655	13.2118433
6656	13.21549376
6657	13.2191456
6658	13.22279881
6659	13.2264534
6660	13.23010936
6661	13.23376669
6662	13.2374254
6663	13.24108548
6664	13.24474694
6665	13.24840978
6666	13.25207398
6667	13.25573957
6668	13.25940653
6669	13.26307487
6670	13.26674458
6671	13.27041567
6672	13.27408814
6673	13.27776198
6674	13.2814372
6675	13.2851138
6676	13.28879178
6677	13.29247113
6678	13.29615186
6679	13.29983397
6680	13.30351745
6681	13.30720232
6682	13.31088856
6683	13.31457618
6684	13.31826519
6685	13.32195557
6686	13.32564733
6687	13.32934047
6688	13.33303498
6689	13.33673088
6690	13.34042816
6691	13.34412682
6692	13.34782686
6693	13.35152828
6694	13.35523108
6695	13.35893527
6696	13.36264083
6697	13.36634778
6698	13.3700561
6699	13.37376581
6700	13.3774769
6701	13.38118938
6702	13.38490323
6703	13.38861847
6704	13.39233509
6705	13.3960531
6706	13.39977248
6707	13.40349325
6708	13.40721541
6709	13.41093895
6710	13.41466387
6711	13.41839017
6712	13.42211786
6713	13.42584694
6714	13.4295774
6715	13.43330924
6716	13.43704247
6717	13.44077709
6718	13.44451309
6719	13.44825047
6720	13.45198925
6721	13.4557294
6722	13.45947095
6723	13.46321388
6724	13.4669582
6725	13.4707039
6726	13.47445099
6727	13.47819947
6728	13.48194934
6729	13.48570059
6730	13.48945323
6731	13.49320726
6732	13.49696268
6733	13.50071948
6734	13.50447768
6735	13.50823726
6736	13.51199823
6737	13.51576059
6738	13.51952434
6739	13.52328948
6740	13.52705601
6741	13.53082393
6742	13.53459324
6743	13.53836394
6744	13.54213603
6745	13.54590951
6746	13.54968438
6747	13.55346065
6748	13.5572383
6749	13.56101735
6750	13.56479778
6751	13.56857961
6752	13.57236283
6753	13.57614744
6754	13.57993345
6755	13.58372085
6756	13.58750964
6757	13.59129982
6758	13.5950914
6759	13.59888437
6760	13.60267873
6761	13.60647449
6762	13.61027164
6763	13.61407018
6764	13.61787012
6765	13.62167145
6766	13.62547418
6767	13.62927831
6768	13.63308382
6769	13.63689074
6770	13.64069904
6771	13.64450875
6772	13.64831985
6773	13.65213234
6774	13.65594624
6775	13.65976152
6776	13.66357821
6777	13.66739629
6778	13.67121577
6779	13.67503664
6780	13.67885892
6781	13.68268259
6782	13.68650765
6783	13.69033412
6784	13.69416198
6785	13.69799124
6786	13.7018219
6787	13.70565396
6788	13.70948742
6789	13.71332228
6790	13.71715853
6791	13.72099619
6792	13.72483524
6793	13.7286757
6794	13.73251755
6795	13.7363608
6796	13.74020546
6797	13.74405151
6798	13.74789897
6799	13.75174782
6800	13.75559808
6801	13.75944974
6802	13.7633028
6803	13.76715726
6804	13.77101312
6805	13.77487039
6806	13.77872906
6807	13.78258913
6808	13.7864506
6809	13.79031347
6810	13.79417775
6811	13.79804343
6812	13.80191052
6813	13.80577901
6814	13.8096489
6815	13.81352019
6816	13.81739289
6817	13.82126699
6818	13.8251425
6819	13.82901941
6820	13.83289773
6821	13.83677745
6822	13.84065858
6823	13.84454111
6824	13.84842505
6825	13.8523104
6826	13.85619715
6827	13.8600853
6828	13.86397486
6829	13.86786583
6830	13.87175821
6831	13.87565199
6832	13.87954718
6833	13.88344377
6834	13.88734178
6835	13.89124119
6836	13.89514201
6837	13.89904423
6838	13.90294787
6839	13.90685291
6840	13.91075936
6841	13.91466722
6842	13.91857649
6843	13.92248717
6844	13.92639926
6845	13.93031276
6846	13.93422766
6847	13.93814398
6848	13.9420617
6849	13.94598084
6850	13.94990139
6851	13.95382335
6852	13.95774671
6853	13.96167149
6854	13.96559768
6855	13.96952528
6856	13.9734543
6857	13.97738472
6858	13.98131656
6859	13.98524981
6860	13.98918447
6861	13.99312054
6862	13.99705802
6863	14.00099692
6864	14.00493723
6865	14.00887896
6866	14.0128221
6867	14.01676665
6868	14.02071261
6869	14.02465999
6870	14.02860878
6871	14.03255899
6872	14.03651061
6873	14.04046365
6874	14.0444181
6875	14.04837396
6876	14.05233124
6877	14.05628994
6878	14.06025005
6879	14.06421158
6880	14.06817452
6881	14.07213888
6882	14.07610466
6883	14.08007185
6884	14.08404046
6885	14.08801048
6886	14.09198193
6887	14.09595479
6888	14.09992906
6889	14.10390476
6890	14.10788187
6891	14.1118604
6892	14.11584035
6893	14.11982172
6894	14.1238045
6895	14.1277887
6896	14.13177433
6897	14.13576137
6898	14.13974983
6899	14.14373971
6900	14.14773101
6901	14.15172373
6902	14.15571787
6903	14.15971343
6904	14.16371041
6905	14.16770881
6906	14.17170863
6907	14.17570987
6908	14.17971253
6909	14.18371662
6910	14.18772212
6911	14.19172905
6912	14.1957374
6913	14.19974717
6914	14.20375836
6915	14.20777098
6916	14.21178502
6917	14.21580048
6918	14.21981736
6919	14.22383567
6920	14.2278554
6921	14.23187655
6922	14.23589912
6923	14.23992312
6924	14.24394855
6925	14.2479754
6926	14.25200367
6927	14.25603337
6928	14.26006449
6929	14.26409704
6930	14.26813101
6931	14.2721664
6932	14.27620323
6933	14.28024147
6934	14.28428115
6935	14.28832225
6936	14.29236477
6937	14.29640873
6938	14.3004541
6939	14.30450091
6940	14.30854914
6941	14.3125988
6942	14.31664989
6943	14.3207024
6944	14.32475634
6945	14.32881171
6946	14.33286851
6947	14.33692673
6948	14.34098639
6949	14.34504747
6950	14.34910998
6951	14.35317392
6952	14.35723929
6953	14.36130608
6954	14.36537431
6955	14.36944397
6956	14.37351505
6957	14.37758757
6958	14.38166152
6959	14.38573689
6960	14.3898137
6961	14.39389194
6962	14.39797161
6963	14.40205271
6964	14.40613524
6965	14.4102192
6966	14.41430459
6967	14.41839142
6968	14.42247968
6969	14.42656937
6970	14.43066049
6971	14.43475304
6972	14.43884703
6973	14.44294245
6974	14.4470393
6975	14.45113759
6976	14.45523731
6977	14.45933846
6978	14.46344105
6979	14.46754507
6980	14.47165052
6981	14.47575741
6982	14.47986574
6983	14.48397549
6984	14.48808669
6985	14.49219931
6986	14.49631338
6987	14.50042887
6988	14.50454581
6989	14.50866418
6990	14.51278398
6991	14.51690522
6992	14.5210279
6993	14.52515202
6994	14.52927757
6995	14.53340455
6996	14.53753298
6997	14.54166284
6998	14.54579414
6999	14.54992687
7000	14.55406105
7001	14.55819666
7002	14.56233371
7003	14.5664722
7004	14.57061212
7005	14.57475349
7006	14.57889629
7007	14.58304053
7008	14.58718622
7009	14.59133334
7010	14.5954819
7011	14.5996319
7012	14.60378334
7013	14.60793622
7014	14.61209054
7015	14.6162463
7016	14.6204035
7017	14.62456214
7018	14.62872222
7019	14.63288374
7020	14.63704671
7021	14.64121111
7022	14.64537696
7023	14.64954425
7024	14.65371298
7025	14.65788316
7026	14.66205477
7027	14.66622783
7028	14.67040233
7029	14.67457827
7030	14.67875566
7031	14.68293449
7032	14.68711476
7033	14.69129648
7034	14.69547964
7035	14.69966424
7036	14.70385029
7037	14.70803778
7038	14.71222672
7039	14.7164171
7040	14.72060893
7041	14.7248022
7042	14.72899692
7043	14.73319308
7044	14.73739069
7045	14.74158974
7046	14.74579024
7047	14.74999218
7048	14.75419557
7049	14.75840041
7050	14.76260669
7051	14.76681443
7052	14.7710236
7053	14.77523423
7054	14.7794463
7055	14.78365982
7056	14.78787478
7057	14.7920912
7058	14.79630906
7059	14.80052837
7060	14.80474913
7061	14.80897134
7062	14.813195
7063	14.8174201
7064	14.82164665
7065	14.82587466
7066	14.83010411
7067	14.83433501
7068	14.83856736
7069	14.84280117
7070	14.84703642
7071	14.85127312
7072	14.85551127
7073	14.85975087
7074	14.86399193
7075	14.86823443
7076	14.87247839
7077	14.8767238
7078	14.88097065
7079	14.88521896
7080	14.88946873
7081	14.89371994
7082	14.89797261
7083	14.90222673
7084	14.9064823
7085	14.91073932
7086	14.9149978
7087	14.91925773
7088	14.92351911
7089	14.92778195
7090	14.93204624
7091	14.93631198
7092	14.94057918
7093	14.94484783
7094	14.94911793
7095	14.95338949
7096	14.95766251
7097	14.96193698
7098	14.9662129
7099	14.97049028
7100	14.97476912
7101	14.97904941
7102	14.98333116
7103	14.98761436
7104	14.99189902
7105	14.99618513
7106	15.0004727
7107	15.00476173
7108	15.00905221
7109	15.01334415
7110	15.01763755
7111	15.02193241
7112	15.02622872
7113	15.03052649
7114	15.03482572
7115	15.0391264
7116	15.04342855
7117	15.04773215
7118	15.05203721
7119	15.05634373
7120	15.06065171
7121	15.06496114
7122	15.06927204
7123	15.07358439
7124	15.07789821
7125	15.08221348
7126	15.08653022
7127	15.09084841
7128	15.09516807
7129	15.09948918
7130	15.10381176
7131	15.10813579
7132	15.11246129
7133	15.11678825
7134	15.12111667
7135	15.12544655
7136	15.12977789
7137	15.1341107
7138	15.13844496
7139	15.14278069
7140	15.14711788
7141	15.15145653
7142	15.15579665
7143	15.16013823
7144	15.16448127
7145	15.16882577
7146	15.17317174
7147	15.17751917
7148	15.18186806
7149	15.18621842
7150	15.19057024
7151	15.19492353
7152	15.19927828
7153	15.2036345
7154	15.20799218
7155	15.21235132
7156	15.21671193
7157	15.221074
7158	15.22543755
7159	15.22980255
7160	15.23416902
7161	15.23853696
7162	15.24290636
7163	15.24727723
7164	15.25164957
7165	15.25602337
7166	15.26039864
7167	15.26477538
7168	15.26915358
7169	15.27353325
7170	15.27791439
7171	15.28229699
7172	15.28668107
7173	15.29106661
7174	15.29545362
7175	15.29984209
7176	15.30423204
7177	15.30862345
7178	15.31301634
7179	15.31741069
7180	15.32180651
7181	15.3262038
7182	15.33060256
7183	15.33500279
7184	15.33940449
7185	15.34380766
7186	15.3482123
7187	15.35261841
7188	15.35702599
7189	15.36143504
7190	15.36584556
7191	15.37025756
7192	15.37467102
7193	15.37908596
7194	15.38350236
7195	15.38792024
7196	15.39233959
7197	15.39676041
7198	15.40118271
7199	15.40560648
7200	15.41003172
7201	15.41445843
7202	15.41888661
7203	15.42331627
7204	15.4277474
7205	15.43218001
7206	15.43661409
7207	15.44104964
7208	15.44548666
7209	15.44992516
7210	15.45436514
7211	15.45880659
7212	15.46324951
7213	15.46769391
7214	15.47213978
7215	15.47658713
7216	15.48103595
7217	15.48548625
7218	15.48993802
7219	15.49439127
7220	15.498846
7221	15.5033022
7222	15.50775988
7223	15.51221903
7224	15.51667966
7225	15.52114177
7226	15.52560536
7227	15.53007042
7228	15.53453696
7229	15.53900497
7230	15.54347447
7231	15.54794544
7232	15.55241789
7233	15.55689182
7234	15.56136722
7235	15.56584411
7236	15.57032247
7237	15.57480231
7238	15.57928363
7239	15.58376644
7240	15.58825071
7241	15.59273647
7242	15.59722371
7243	15.60171243
7244	15.60620263
7245	15.61069431
7246	15.61518747
7247	15.6196821
7248	15.62417822
7249	15.62867582
7250	15.63317491
7251	15.63767547
7252	15.64217751
7253	15.64668104
7254	15.65118605
7255	15.65569253
7256	15.66020051
7257	15.66470996
7258	15.66922089
7259	15.67373331
7260	15.67824721
7261	15.6827626
7262	15.68727946
7263	15.69179781
7264	15.69631764
7265	15.70083896
7266	15.70536176
7267	15.70988604
7268	15.71441181
7269	15.71893906
7270	15.7234678
7271	15.72799802
7272	15.73252972
7273	15.73706291
7274	15.74159759
7275	15.74613375
7276	15.75067139
7277	15.75521052
7278	15.75975114
7279	15.76429324
7280	15.76883683
7281	15.77338191
7282	15.77792847
7283	15.78247651
7284	15.78702605
7285	15.79157707
7286	15.79612958
7287	15.80068357
7288	15.80523905
7289	15.80979602
7290	15.81435448
7291	15.81891443
7292	15.82347586
7293	15.82803878
7294	15.83260319
7295	15.83716909
7296	15.84173647
7297	15.84630535
7298	15.85087571
7299	15.85544757
7300	15.86002091
7301	15.86459574
7302	15.86917206
7303	15.87374987
7304	15.87832918
7305	15.88290997
7306	15.88749225
7307	15.89207602
7308	15.89666129
7309	15.90124804
7310	15.90583628
7311	15.91042602
7312	15.91501725
7313	15.91960997
7314	15.92420418
7315	15.92879988
7316	15.93339707
7317	15.93799576
7318	15.94259594
7319	15.94719761
7320	15.95180077
7321	15.95640543
7322	15.96101157
7323	15.96561922
7324	15.97022835
7325	15.97483898
7326	15.9794511
7327	15.98406472
7328	15.98867983
7329	15.99329643
7330	15.99791453
7331	16.00253412
7332	16.00715521
7333	16.01177779
7334	16.01640187
7335	16.02102744
7336	16.02565451
7337	16.03028307
7338	16.03491313
7339	16.03954468
7340	16.04417773
7341	16.04881228
7342	16.05344832
7343	16.05808586
7344	16.0627249
7345	16.06736543
7346	16.07200746
7347	16.07665098
7348	16.081296
7349	16.08594252
7350	16.09059054
7351	16.09524006
7352	16.09989107
7353	16.10454358
7354	16.10919759
7355	16.1138531
7356	16.1185101
7357	16.12316861
7358	16.12782861
7359	16.13249011
7360	16.13715312
7361	16.14181762
7362	16.14648362
7363	16.15115112
7364	16.15582012
7365	16.16049062
7366	16.16516262
7367	16.16983612
7368	16.17451112
7369	16.17918762
7370	16.18386562
7371	16.18854512
7372	16.19322613
7373	16.19790863
7374	16.20259264
7375	16.20727815
7376	16.21196516
7377	16.21665367
7378	16.22134368
7379	16.2260352
7380	16.23072822
7381	16.23542274
7382	16.24011876
7383	16.24481629
7384	16.24951532
7385	16.25421585
7386	16.25891789
7387	16.26362143
7388	16.26832647
7389	16.27303302
7390	16.27774107
7391	16.28245063
7392	16.28716169
7393	16.29187425
7394	16.29658832
7395	16.3013039
7396	16.30602097
7397	16.31073956
7398	16.31545965
7399	16.32018124
7400	16.32490434
7401	16.32962895
7402	16.33435506
7403	16.33908268
7404	16.3438118
7405	16.34854244
7406	16.35327457
7407	16.35800822
7408	16.36274337
7409	16.36748003
7410	16.37221819
7411	16.37695786
7412	16.38169905
7413	16.38644173
7414	16.39118593
7415	16.39593163
7416	16.40067885
7417	16.40542757
7418	16.4101778
7419	16.41492953
7420	16.41968278
7421	16.42443754
7422	16.4291938
7423	16.43395157
7424	16.43871086
7425	16.44347165
7426	16.44823395
7427	16.45299777
7428	16.45776309
7429	16.46252992
7430	16.46729827
7431	16.47206812
7432	16.47683949
7433	16.48161236
7434	16.48638675
7435	16.49116265
7436	16.49594006
7437	16.50071898
7438	16.50549941
7439	16.51028136
7440	16.51506481
7441	16.51984978
7442	16.52463626
7443	16.52942426
7444	16.53421376
7445	16.53900478
7446	16.54379732
7447	16.54859136
7448	16.55338692
7449	16.55818399
7450	16.56298258
7451	16.56778268
7452	16.57258429
7453	16.57738742
7454	16.58219206
7455	16.58699822
7456	16.59180589
7457	16.59661508
7458	16.60142578
7459	16.60623799
7460	16.61105172
7461	16.61586697
7462	16.62068373
7463	16.62550201
7464	16.6303218
7465	16.63514311
7466	16.63996594
7467	16.64479028
7468	16.64961614
7469	16.65444351
7470	16.6592724
7471	16.66410281
7472	16.66893474
7473	16.67376818
7474	16.67860314
7475	16.68343962
7476	16.68827761
7477	16.69311713
7478	16.69795816
7479	16.70280071
7480	16.70764478
7481	16.71249036
7482	16.71733747
7483	16.72218609
7484	16.72703623
7485	16.7318879
7486	16.73674108
7487	16.74159578
7488	16.746452
7489	16.75130974
7490	16.756169
7491	16.76102978
7492	16.76589208
7493	16.7707559
7494	16.77562125
7495	16.78048811
7496	16.78535649
7497	16.7902264
7498	16.79509782
7499	16.79997077
7500	16.80484524
7501	16.80972123
7502	16.81459874
7503	16.81947777
7504	16.82435833
7505	16.82924041
7506	16.83412401
7507	16.83900913
7508	16.84389578
7509	16.84878395
7510	16.85367364
7511	16.85856485
7512	16.86345759
7513	16.86835185
7514	16.87324764
7515	16.87814495
7516	16.88304378
7517	16.88794414
7518	16.89284602
7519	16.89774943
7520	16.90265436
7521	16.90756082
7522	16.9124688
7523	16.91737831
7524	16.92228934
7525	16.92720189
7526	16.93211598
7527	16.93703158
7528	16.94194872
7529	16.94686738
7530	16.95178756
7531	16.95670928
7532	16.96163252
7533	16.96655728
7534	16.97148357
7535	16.97641139
7536	16.98134074
7537	16.98627161
7538	16.99120401
7539	16.99613794
7540	17.0010734
7541	17.00601038
7542	17.0109489
7543	17.01588894
7544	17.02083051
7545	17.0257736
7546	17.03071823
7547	17.03566439
7548	17.04061207
7549	17.04556128
7550	17.05051203
7551	17.0554643
7552	17.0604181
7553	17.06537343
7554	17.07033029
7555	17.07528868
7556	17.0802486
7557	17.08521005
7558	17.09017304
7559	17.09513755
7560	17.10010359
7561	17.10507117
7562	17.11004027
7563	17.11501091
7564	17.11998308
7565	17.12495678
7566	17.12993201
7567	17.13490878
7568	17.13988707
7569	17.1448669
7570	17.14984826
7571	17.15483115
7572	17.15981558
7573	17.16480154
7574	17.16978903
7575	17.17477805
7576	17.17976861
7577	17.1847607
7578	17.18975433
7579	17.19474948
7580	17.19974618
7581	17.2047444
7582	17.20974416
7583	17.21474546
7584	17.21974829
7585	17.22475265
7586	17.22975855
7587	17.23476599
7588	17.23977495
7589	17.24478546
7590	17.2497975
7591	17.25481107
7592	17.25982618
7593	17.26484283
7594	17.26986101
7595	17.27488073
7596	17.27990199
7597	17.28492478
7598	17.28994911
7599	17.29497497
7600	17.30000238
7601	17.30503132
7602	17.31006179
7603	17.31509381
7604	17.32012736
7605	17.32516245
7606	17.33019908
7607	17.33523724
7608	17.34027694
7609	17.34531819
7610	17.35036097
7611	17.35540528
7612	17.36045114
7613	17.36549854
7614	17.37054747
7615	17.37559795
7616	17.38064996
7617	17.38570352
7618	17.39075861
7619	17.39581524
7620	17.40087342
7621	17.40593313
7622	17.41099438
7623	17.41605718
7624	17.42112151
7625	17.42618739
7626	17.4312548
7627	17.43632376
7628	17.44139426
7629	17.4464663
7630	17.45153988
7631	17.456615
7632	17.46169167
7633	17.46676987
7634	17.47184962
7635	17.47693091
7636	17.48201375
7637	17.48709812
7638	17.49218404
7639	17.4972715
7640	17.50236051
7641	17.50745105
7642	17.51254314
7643	17.51763678
7644	17.52273196
7645	17.52782868
7646	17.53292694
7647	17.53802675
7648	17.54312811
7649	17.548231
7650	17.55333545
7651	17.55844143
7652	17.56354897
7653	17.56865804
7654	17.57376867
7655	17.57888083
7656	17.58399455
7657	17.5891098
7658	17.59422661
7659	17.59934496
7660	17.60446485
7661	17.6095863
7662	17.61470928
7663	17.61983382
7664	17.6249599
7665	17.63008753
7666	17.6352167
7667	17.64034742
7668	17.64547969
7669	17.65061351
7670	17.65574887
7671	17.66088579
7672	17.66602424
7673	17.67116425
7674	17.67630581
7675	17.68144891
7676	17.68659356
7677	17.69173976
7678	17.69688751
7679	17.70203681
7680	17.70718766
7681	17.71234005
7682	17.717494
7683	17.72264949
7684	17.72780654
7685	17.73296513
7686	17.73812528
7687	17.74328697
7688	17.74845021
7689	17.75361501
7690	17.75878135
7691	17.76394925
7692	17.7691187
7693	17.77428969
7694	17.77946224
7695	17.78463634
7696	17.78981199
7697	17.79498919
7698	17.80016795
7699	17.80534825
7700	17.81053011
7701	17.81571352
7702	17.82089848
7703	17.826085
7704	17.83127306
7705	17.83646268
7706	17.84165386
7707	17.84684658
7708	17.85204086
7709	17.85723669
7710	17.86243408
7711	17.86763302
7712	17.87283351
7713	17.87803555
7714	17.88323915
7715	17.88844431
7716	17.89365102
7717	17.89885928
7718	17.9040691
7719	17.90928047
7720	17.9144934
7721	17.91970788
7722	17.92492392
7723	17.93014151
7724	17.93536066
7725	17.94058136
7726	17.94580362
7727	17.95102744
7728	17.95625281
7729	17.96147974
7730	17.96670822
7731	17.97193826
7732	17.97716986
7733	17.98240302
7734	17.98763773
7735	17.992874
7736	17.99811182
7737	18.0033512
7738	18.00859214
7739	18.01383464
7740	18.0190787
7741	18.02432431
7742	18.02957148
7743	18.03482021
7744	18.0400705
7745	18.04532235
7746	18.05057575
7747	18.05583072
7748	18.06108724
7749	18.06634533
7750	18.07160497
7751	18.07686617
7752	18.08212893
7753	18.08739325
7754	18.09265913
7755	18.09792657
7756	18.10319557
7757	18.10846613
7758	18.11373825
7759	18.11901194
7760	18.12428718
7761	18.12956398
7762	18.13484235
7763	18.14012227
7764	18.14540376
7765	18.15068681
7766	18.15597142
7767	18.16125759
7768	18.16654532
7769	18.17183462
7770	18.17712548
7771	18.1824179
7772	18.18771188
7773	18.19300742
7774	18.19830453
7775	18.2036032
7776	18.20890344
7777	18.21420523
7778	18.21950859
7779	18.22481352
7780	18.23012001
7781	18.23542806
7782	18.24073767
7783	18.24604885
7784	18.25136159
7785	18.2566759
7786	18.26199177
7787	18.26730921
7788	18.27262821
7789	18.27794878
7790	18.28327091
7791	18.28859461
7792	18.29391987
7793	18.2992467
7794	18.30457509
7795	18.30990505
7796	18.31523657
7797	18.32056966
7798	18.32590432
7799	18.33124054
7800	18.33657833
7801	18.34191769
7802	18.34725861
7803	18.3526011
7804	18.35794516
7805	18.36329079
7806	18.36863798
7807	18.37398674
7808	18.37933706
7809	18.38468896
7810	18.39004242
7811	18.39539745
7812	18.40075405
7813	18.40611222
7814	18.41147195
7815	18.41683326
7816	18.42219613
7817	18.42756057
7818	18.43292658
7819	18.43829417
7820	18.44366331
7821	18.44903403
7822	18.45440632
7823	18.45978018
7824	18.46515561
7825	18.47053261
7826	18.47591118
7827	18.48129132
7828	18.48667302
7829	18.49205631
7830	18.49744116
7831	18.50282758
7832	18.50821557
7833	18.51360513
7834	18.51899627
7835	18.52438898
7836	18.52978326
7837	18.53517911
7838	18.54057653
7839	18.54597552
7840	18.55137609
7841	18.55677823
7842	18.56218194
7843	18.56758722
7844	18.57299408
7845	18.57840251
7846	18.58381251
7847	18.58922408
7848	18.59463723
7849	18.60005196
7850	18.60546825
7851	18.61088612
7852	18.61630556
7853	18.62172658
7854	18.62714917
7855	18.63257334
7856	18.63799908
7857	18.64342639
7858	18.64885528
7859	18.65428575
7860	18.65971779
7861	18.6651514
7862	18.67058659
7863	18.67602336
7864	18.6814617
7865	18.68690162
7866	18.69234311
7867	18.69778618
7868	18.70323082
7869	18.70867704
7870	18.71412484
7871	18.71957421
7872	18.72502516
7873	18.73047769
7874	18.7359318
7875	18.74138748
7876	18.74684474
7877	18.75230357
7878	18.75776398
7879	18.76322598
7880	18.76868955
7881	18.77415469
7882	18.77962142
7883	18.78508972
7884	18.7905596
7885	18.79603106
7886	18.8015041
7887	18.80697872
7888	18.81245491
7889	18.81793269
7890	18.82341204
7891	18.82889298
7892	18.83437549
7893	18.83985959
7894	18.84534526
7895	18.85083251
7896	18.85632134
7897	18.86181176
7898	18.86730375
7899	18.87279732
7900	18.87829248
7901	18.88378921
7902	18.88928753
7903	18.89478743
7904	18.9002889
7905	18.90579196
7906	18.9112966
7907	18.91680283
7908	18.92231063
7909	18.92782001
7910	18.93333098
7911	18.93884353
7912	18.94435766
7913	18.94987338
7914	18.95539068
7915	18.96090956
7916	18.96643002
7917	18.97195206
7918	18.97747569
7919	18.9830009
7920	18.9885277
7921	18.99405608
7922	18.99958604
7923	19.00511759
7924	19.01065072
7925	19.01618543
7926	19.02172173
7927	19.02725961
7928	19.03279908
7929	19.03834013
7930	19.04388276
7931	19.04942699
7932	19.05497279
7933	19.06052018
7934	19.06606916
7935	19.07161972
7936	19.07717187
7937	19.0827256
7938	19.08828092
7939	19.09383782
7940	19.09939632
7941	19.10495639
7942	19.11051806
7943	19.11608131
7944	19.12164614
7945	19.12721257
7946	19.13278058
7947	19.13835017
7948	19.14392136
7949	19.14949413
7950	19.15506849
7951	19.16064444
7952	19.16622197
7953	19.1718011
7954	19.17738181
7955	19.18296411
7956	19.18854799
7957	19.19413347
7958	19.19972053
7959	19.20530918
7960	19.21089943
7961	19.21649126
7962	19.22208468
7963	19.22767969
7964	19.23327628
7965	19.23887447
7966	19.24447425
7967	19.25007562
7968	19.25567857
7969	19.26128312
7970	19.26688926
7971	19.27249699
7972	19.2781063
7973	19.28371721
7974	19.28932971
7975	19.2949438
7976	19.30055948
7977	19.30617676
7978	19.31179562
7979	19.31741608
7980	19.32303812
7981	19.32866176
7982	19.33428699
7983	19.33991381
7984	19.34554223
7985	19.35117223
7986	19.35680383
7987	19.36243702
7988	19.36807181
7989	19.37370819
7990	19.37934615
7991	19.38498572
7992	19.39062687
7993	19.39626962
7994	19.40191396
7995	19.4075599
7996	19.41320743
7997	19.41885655
7998	19.42450727
7999	19.43015958
8000	19.43581349
8001	19.44146899
8002	19.44712608
8003	19.45278477
8004	19.45844506
8005	19.46410694
8006	19.46977041
8007	19.47543548
8008	19.48110215
8009	19.48677041
8010	19.49244026
8011	19.49811171
8012	19.50378476
8013	19.5094594
8014	19.51513564
8015	19.52081348
8016	19.52649291
8017	19.53217394
8018	19.53785656
8019	19.54354078
8020	19.5492266
8021	19.55491402
8022	19.56060303
8023	19.56629364
8024	19.57198585
8025	19.57767966
8026	19.58337506
8027	19.58907206
8028	19.59477066
8029	19.60047085
8030	19.60617265
8031	19.61187604
8032	19.61758104
8033	19.62328763
8034	19.62899582
8035	19.6347056
8036	19.64041699
8037	19.64612998
8038	19.65184456
8039	19.65756075
8040	19.66327853
8041	19.66899792
8042	19.6747189
8043	19.68044149
8044	19.68616567
8045	19.69189146
8046	19.69761884
8047	19.70334783
8048	19.70907841
8049	19.7148106
8050	19.72054439
8051	19.72627978
8052	19.73201677
8053	19.73775536
8054	19.74349555
8055	19.74923735
8056	19.75498074
8057	19.76072574
8058	19.76647234
8059	19.77222054
8060	19.77797035
8061	19.78372175
8062	19.78947476
8063	19.79522937
8064	19.80098559
8065	19.8067434
8066	19.81250282
8067	19.81826385
8068	19.82402647
8069	19.8297907
8070	19.83555654
8071	19.84132397
8072	19.84709301
8073	19.85286366
8074	19.85863591
8075	19.86440976
8076	19.87018522
8077	19.87596228
8078	19.88174095
8079	19.88752122
8080	19.89330309
8081	19.89908657
8082	19.90487166
8083	19.91065835
8084	19.91644665
8085	19.92223655
8086	19.92802806
8087	19.93382117
8088	19.93961589
8089	19.94541221
8090	19.95121014
8091	19.95700968
8092	19.96281083
8093	19.96861358
8094	19.97441793
8095	19.9802239
8096	19.98603147
8097	19.99184065
8098	19.99765143
8099	20.00346382
8100	20.00927782
8101	20.01509343
8102	20.02091064
8103	20.02672947
8104	20.0325499
8105	20.03837194
8106	20.04419558
8107	20.05002084
8108	20.0558477
8109	20.06167618
8110	20.06750626
8111	20.07333795
8112	20.07917125
8113	20.08500615
8114	20.09084267
8115	20.0966808
8116	20.10252054
8117	20.10836188
8118	20.11420484
8119	20.1200494
8120	20.12589558
8121	20.13174336
8122	20.13759276
8123	20.14344377
8124	20.14929638
8125	20.15515061
8126	20.16100645
8127	20.1668639
8128	20.17272296
8129	20.17858363
8130	20.18444591
8131	20.19030981
8132	20.19617531
8133	20.20204243
8134	20.20791116
8135	20.2137815
8136	20.21965345
8137	20.22552702
8138	20.2314022
8139	20.23727899
8140	20.24315739
8141	20.24903741
8142	20.25491904
8143	20.26080228
8144	20.26668713
8145	20.2725736
8146	20.27846168
8147	20.28435138
8148	20.29024268
8149	20.29613561
8150	20.30203014
8151	20.30792629
8152	20.31382406
8153	20.31972343
8154	20.32562443
8155	20.33152703
8156	20.33743125
8157	20.34333709
8158	20.34924454
8159	20.35515361
8160	20.36106429
8161	20.36697659
8162	20.3728905
8163	20.37880603
8164	20.38472317
8165	20.39064193
8166	20.3965623
8167	20.40248429
8168	20.4084079
8169	20.41433313
8170	20.42025997
8171	20.42618842
8172	20.43211849
8173	20.43805018
8174	20.44398349
8175	20.44991841
8176	20.45585496
8177	20.46179311
8178	20.46773289
8179	20.47367428
8180	20.47961729
8181	20.48556192
8182	20.49150817
8183	20.49745603
8184	20.50340552
8185	20.50935662
8186	20.51530934
8187	20.52126367
8188	20.52721963
8189	20.53317721
8190	20.5391364
8191	20.54509721
8192	20.55105965
8193	20.5570237
8194	20.56298937
8195	20.56895666
8196	20.57492557
8197	20.5808961
8198	20.58686825
8199	20.59284202
8200	20.59881741
8201	20.60479442
8202	20.61077305
8203	20.61675331
8204	20.62273518
8205	20.62871867
8206	20.63470379
8207	20.64069052
8208	20.64667888
8209	20.65266886
8210	20.65866045
8211	20.66465368
8212	20.67064852
8213	20.67664498
8214	20.68264307
8215	20.68864278
8216	20.69464411
8217	20.70064706
8218	20.70665163
8219	20.71265783
8220	20.71866565
8221	20.7246751
8222	20.73068616
8223	20.73669885
8224	20.74271316
8225	20.7487291
8226	20.75474666
8227	20.76076584
8228	20.76678665
8229	20.77280908
8230	20.77883313
8231	20.78485881
8232	20.79088611
8233	20.79691504
8234	20.80294559
8235	20.80897776
8236	20.81501156
8237	20.82104699
8238	20.82708404
8239	20.83312271
8240	20.83916301
8241	20.84520494
8242	20.85124849
8243	20.85729366
8244	20.86334046
8245	20.86938889
8246	20.87543894
8247	20.88149062
8248	20.88754393
8249	20.89359886
8250	20.89965542
8251	20.9057136
8252	20.91177341
8253	20.91783485
8254	20.92389792
8255	20.92996261
8256	20.93602893
8257	20.94209687
8258	20.94816645
8259	20.95423765
8260	20.96031048
8261	20.96638493
8262	20.97246102
8263	20.97853873
8264	20.98461807
8265	20.99069904
8266	20.99678163
8267	21.00286586
8268	21.00895171
8269	21.0150392
8270	21.02112831
8271	21.02721905
8272	21.03331142
8273	21.03940542
8274	21.04550104
8275	21.0515983
8276	21.05769719
8277	21.0637977
8278	21.06989985
8279	21.07600363
8280	21.08210903
8281	21.08821607
8282	21.09432474
8283	21.10043503
8284	21.10654696
8285	21.11266052
8286	21.11877571
8287	21.12489253
8288	21.13101098
8289	21.13713106
8290	21.14325278
8291	21.14937612
8292	21.1555011
8293	21.16162771
8294	21.16775595
8295	21.17388582
8296	21.18001732
8297	21.18615046
8298	21.19228522
8299	21.19842162
8300	21.20455966
8301	21.21069932
8302	21.21684062
8303	21.22298355
8304	21.22912811
8305	21.23527431
8306	21.24142214
8307	21.24757161
8308	21.2537227
8309	21.25987543
8310	21.2660298
8311	21.27218579
8312	21.27834343
8313	21.28450269
8314	21.29066359
8315	21.29682613
8316	21.30299029
8317	21.3091561
8318	21.31532354
8319	21.32149261
8320	21.32766331
8321	21.33383566
8322	21.34000963
8323	21.34618525
8324	21.3523625
8325	21.35854138
8326	21.3647219
8327	21.37090405
8328	21.37708784
8329	21.38327327
8330	21.38946033
8331	21.39564903
8332	21.40183937
8333	21.40803134
8334	21.41422495
8335	21.42042019
8336	21.42661707
8337	21.43281559
8338	21.43901575
8339	21.44521754
8340	21.45142097
8341	21.45762604
8342	21.46383274
8343	21.47004108
8344	21.47625106
8345	21.48246268
8346	21.48867594
8347	21.49489083
8348	21.50110736
8349	21.50732553
8350	21.51354534
8351	21.51976679
8352	21.52598988
8353	21.5322146
8354	21.53844096
8355	21.54466897
8356	21.55089861
8357	21.55712989
8358	21.56336281
8359	21.56959737
8360	21.57583357
8361	21.58207141
8362	21.58831089
8363	21.59455201
8364	21.60079477
8365	21.60703917
8366	21.61328521
8367	21.61953289
8368	21.62578221
8369	21.63203317
8370	21.63828577
8371	21.64454002
8372	21.6507959
8373	21.65705343
8374	21.66331259
8375	21.6695734
8376	21.67583585
8377	21.68209994
8378	21.68836568
8379	21.69463305
8380	21.70090207
8381	21.70717273
8382	21.71344503
8383	21.71971897
8384	21.72599456
8385	21.73227179
8386	21.73855066
8387	21.74483117
8388	21.75111333
8389	21.75739713
8390	21.76368257
8391	21.76996966
8392	21.77625839
8393	21.78254876
8394	21.78884078
8395	21.79513444
8396	21.80142974
8397	21.80772669
8398	21.81402528
8399	21.82032552
8400	21.8266274
8401	21.83293092
8402	21.83923609
8403	21.84554291
8404	21.85185137
8405	21.85816147
8406	21.86447322
8407	21.87078661
8408	21.87710165
8409	21.88341834
8410	21.88973667
8411	21.89605664
8412	21.90237827
8413	21.90870153
8414	21.91502645
8415	21.921353
8416	21.92768121
8417	21.93401106
8418	21.94034256
8419	21.9466757
8420	21.95301049
8421	21.95934693
8422	21.96568502
8423	21.97202475
8424	21.97836613
8425	21.98470915
8426	21.99105383
8427	21.99740015
8428	22.00374811
8429	22.01009773
8430	22.01644899
8431	22.02280191
8432	22.02915646
8433	22.03551267
8434	22.04187053
8435	22.04823003
8436	22.05459118
8437	22.06095398
8438	22.06731843
8439	22.07368453
8440	22.08005228
8441	22.08642168
8442	22.09279272
8443	22.09916542
8444	22.10553976
8445	22.11191575
8446	22.1182934
8447	22.12467269
8448	22.13105363
8449	22.13743623
8450	22.14382047
8451	22.15020636
8452	22.1565939
8453	22.1629831
8454	22.16937394
8455	22.17576644
8456	22.18216058
8457	22.18855638
8458	22.19495382
8459	22.20135292
8460	22.20775367
8461	22.21415607
8462	22.22056012
8463	22.22696583
8464	22.23337318
8465	22.23978219
8466	22.24619285
8467	22.25260516
8468	22.25901912
8469	22.26543474
8470	22.271852
8471	22.27827092
8472	22.2846915
8473	22.29111372
8474	22.2975376
8475	22.30396313
8476	22.31039031
8477	22.31681915
8478	22.32324964
8479	22.32968178
8480	22.33611558
8481	22.34255103
8482	22.34898813
8483	22.35542689
8484	22.3618673
8485	22.36830937
8486	22.37475309
8487	22.38119846
8488	22.38764549
8489	22.39409417
8490	22.40054451
8491	22.4069965
8492	22.41345015
8493	22.41990545
8494	22.4263624
8495	22.43282101
8496	22.43928128
8497	22.4457432
8498	22.45220678
8499	22.45867201
8500	22.4651389
8501	22.47160745
8502	22.47807765
8503	22.4845495
8504	22.49102302
8505	22.49749818
8506	22.50397501
8507	22.51045349
8508	22.51693363
8509	22.52341542
8510	22.52989888
8511	22.53638398
8512	22.54287075
8513	22.54935917
8514	22.55584925
8515	22.56234099
8516	22.56883438
8517	22.57532944
8518	22.58182615
8519	22.58832451
8520	22.59482454
8521	22.60132622
8522	22.60782956
8523	22.61433456
8524	22.62084122
8525	22.62734954
8526	22.63385951
8527	22.64037115
8528	22.64688444
8529	22.65339939
8530	22.659916
8531	22.66643427
8532	22.6729542
8533	22.67947579
8534	22.68599903
8535	22.69252394
8536	22.69905051
8537	22.70557873
8538	22.71210862
8539	22.71864017
8540	22.72517337
8541	22.73170824
8542	22.73824477
8543	22.74478295
8544	22.7513228
8545	22.75786431
8546	22.76440748
8547	22.77095231
8548	22.7774988
8549	22.78404695
8550	22.79059677
8551	22.79714824
8552	22.80370138
8553	22.81025617
8554	22.81681263
8555	22.82337075
8556	22.82993054
8557	22.83649198
8558	22.84305509
8559	22.84961986
8560	22.85618629
8561	22.86275438
8562	22.86932414
8563	22.87589556
8564	22.88246864
8565	22.88904338
8566	22.89561979
8567	22.90219786
8568	22.90877759
8569	22.91535899
8570	22.92194205
8571	22.92852677
8572	22.93511316
8573	22.94170121
8574	22.94829092
8575	22.9548823
8576	22.96147534
8577	22.96807005
8578	22.97466642
8579	22.98126445
8580	22.98786415
8581	22.99446552
8582	23.00106855
8583	23.00767324
8584	23.0142796
8585	23.02088762
8586	23.02749731
8587	23.03410866
8588	23.04072168
8589	23.04733636
8590	23.05395271
8591	23.06057073
8592	23.06719041
8593	23.07381176
8594	23.08043477
8595	23.08705945
8596	23.09368579
8597	23.1003138
8598	23.10694348
8599	23.11357482
8600	23.12020784
8601	23.12684251
8602	23.13347886
8603	23.14011687
8604	23.14675655
8605	23.15339789
8606	23.1600409
8607	23.16668558
8608	23.17333193
8609	23.17997994
8610	23.18662963
8611	23.19328098
8612	23.19993399
8613	23.20658868
8614	23.21324503
8615	23.21990306
8616	23.22656275
8617	23.2332241
8618	23.23988713
8619	23.24655183
8620	23.25321819
8621	23.25988622
8622	23.26655593
8623	23.2732273
8624	23.27990034
8625	23.28657505
8626	23.29325143
8627	23.29992948
8628	23.30660919
8629	23.31329058
8630	23.31997364
8631	23.32665837
8632	23.33334476
8633	23.34003283
8634	23.34672257
8635	23.35341398
8636	23.36010705
8637	23.3668018
8638	23.37349822
8639	23.38019631
8640	23.38689607
8641	23.3935975
8642	23.40030061
8643	23.40700538
8644	23.41371183
8645	23.42041994
8646	23.42712973
8647	23.43384119
8648	23.44055432
8649	23.44726912
8650	23.4539856
8651	23.46070374
8652	23.46742356
8653	23.47414505
8654	23.48086822
8655	23.48759305
8656	23.49431956
8657	23.50104774
8658	23.50777759
8659	23.51450912
8660	23.52124232
8661	23.52797719
8662	23.53471374
8663	23.54145195
8664	23.54819185
8665	23.55493341
8666	23.56167665
8667	23.56842156
8668	23.57516815
8669	23.58191641
8670	23.58866634
8671	23.59541795
8672	23.60217123
8673	23.60892619
8674	23.61568282
8675	23.62244112
8676	23.6292011
8677	23.63596276
8678	23.64272609
8679	23.64949109
8680	23.65625777
8681	23.66302612
8682	23.66979615
8683	23.67656786
8684	23.68334124
8685	23.69011629
8686	23.69689302
8687	23.70367143
8688	23.71045151
8689	23.71723327
8690	23.7240167
8691	23.73080181
8692	23.7375886
8693	23.74437706
8694	23.7511672
8695	23.75795902
8696	23.76475251
8697	23.77154768
8698	23.77834453
8699	23.78514305
8700	23.79194325
8701	23.79874513
8702	23.80554868
8703	23.81235391
8704	23.81916082
8705	23.82596941
8706	23.83277967
8707	23.83959161
8708	23.84640523
8709	23.85322053
8710	23.86003751
8711	23.86685616
8712	23.87367649
8713	23.8804985
8714	23.88732219
8715	23.89414756
8716	23.90097461
8717	23.90780333
8718	23.91463373
8719	23.92146582
8720	23.92829958
8721	23.93513502
8722	23.94197214
8723	23.94881094
8724	23.95565142
8725	23.96249358
8726	23.96933742
8727	23.97618293
8728	23.98303013
8729	23.98987901
8730	23.99672957
8731	24.00358181
8732	24.01043572
8733	24.01729132
8734	24.0241486
8735	24.03100756
8736	24.0378682
8737	24.04473052
8738	24.05159453
8739	24.05846021
8740	24.06532757
8741	24.07219662
8742	24.07906734
8743	24.08593975
8744	24.09281384
8745	24.09968961
8746	24.10656707
8747	24.1134462
8748	24.12032702
8749	24.12720952
8750	24.1340937
8751	24.14097956
8752	24.1478671
8753	24.15475633
8754	24.16164724
8755	24.16853983
8756	24.17543411
8757	24.18233007
8758	24.18922771
8759	24.19612703
8760	24.20302804
8761	24.20993073
8762	24.2168351
8763	24.22374116
8764	24.2306489
8765	24.23755832
8766	24.24446943
8767	24.25138222
8768	24.25829669
8769	24.26521285
8770	24.27213069
8771	24.27905022
8772	24.28597143
8773	24.29289433
8774	24.29981891
8775	24.30674517
8776	24.31367312
8777	24.32060276
8778	24.32753407
8779	24.33446708
8780	24.34140177
8781	24.34833814
8782	24.3552762
8783	24.36221594
8784	24.36915737
8785	24.37610049
8786	24.38304529
8787	24.38999178
8788	24.39693995
8789	24.40388981
8790	24.41084135
8791	24.41779459
8792	24.4247495
8793	24.43170611
8794	24.4386644
8795	24.44562437
8796	24.45258604
8797	24.45954938
8798	24.46651442
8799	24.47348114
8800	24.48044956
8801	24.48741965
8802	24.49439144
8803	24.50136491
8804	24.50834007
8805	24.51531692
8806	24.52229545
8807	24.52927567
8808	24.53625758
8809	24.54324118
8810	24.55022647
8811	24.55721344
8812	24.5642021
8813	24.57119245
8814	24.57818449
8815	24.58517822
8816	24.59217363
8817	24.59917074
8818	24.60616953
8819	24.61317001
8820	24.62017218
8821	24.62717604
8822	24.63418159
8823	24.64118883
8824	24.64819776
8825	24.65520838
8826	24.66222068
8827	24.66923468
8828	24.67625037
8829	24.68326774
8830	24.69028681
8831	24.69730756
8832	24.70433001
8833	24.71135415
8834	24.71837997
8835	24.72540749
8836	24.7324367
8837	24.73946759
8838	24.74650018
8839	24.75353446
8840	24.76057043
8841	24.76760809
8842	24.77464744
8843	24.78168849
8844	24.78873122
8845	24.79577565
8846	24.80282177
8847	24.80986957
8848	24.81691907
8849	24.82397027
8850	24.83102315
8851	24.83807773
8852	24.845134
8853	24.85219196
8854	24.85925161
8855	24.86631295
8856	24.87337599
8857	24.88044072
8858	24.88750714
8859	24.89457526
8860	24.90164506
8861	24.90871656
8862	24.91578976
8863	24.92286464
8864	24.92994122
8865	24.9370195
8866	24.94409946
8867	24.95118112
8868	24.95826447
8869	24.96534952
8870	24.97243626
8871	24.9795247
8872	24.98661482
8873	24.99370665
8874	25.00080016
8875	25.00789537
8876	25.01499228
8877	25.02209088
8878	25.02919117
8879	25.03629316
8880	25.04339684
8881	25.05050222
8882	25.05760929
8883	25.06471806
8884	25.07182852
8885	25.07894068
8886	25.08605453
8887	25.09317008
8888	25.10028732
8889	25.10740626
8890	25.11452689
8891	25.12164922
8892	25.12877325
8893	25.13589897
8894	25.14302639
8895	25.1501555
8896	25.15728631
8897	25.16441882
8898	25.17155302
8899	25.17868892
8900	25.18582652
8901	25.19296581
8902	25.2001068
8903	25.20724948
8904	25.21439387
8905	25.22153995
8906	25.22868772
8907	25.2358372
8908	25.24298837
8909	25.25014123
8910	25.2572958
8911	25.26445206
8912	25.27161002
8913	25.27876968
8914	25.28593104
8915	25.29309409
8916	25.30025885
8917	25.3074253
8918	25.31459345
8919	25.32176329
8920	25.32893484
8921	25.33610808
8922	25.34328302
8923	25.35045966
8924	25.357638
8925	25.36481804
8926	25.37199978
8927	25.37918322
8928	25.38636835
8929	25.39355519
8930	25.40074372
8931	25.40793395
8932	25.41512589
8933	25.42231952
8934	25.42951485
8935	25.43671188
8936	25.44391062
8937	25.45111105
8938	25.45831318
8939	25.46551701
8940	25.47272254
8941	25.47992977
8942	25.48713871
8943	25.49434934
8944	25.50156167
8945	25.50877571
8946	25.51599144
8947	25.52320888
8948	25.53042802
8949	25.53764885
8950	25.54487139
8951	25.55209563
8952	25.55932157
8953	25.56654922
8954	25.57377856
8955	25.58100961
8956	25.58824235
8957	25.5954768
8958	25.60271295
8959	25.60995081
8960	25.61719036
8961	25.62443162
8962	25.63167458
8963	25.63891924
8964	25.6461656
8965	25.65341367
8966	25.66066344
8967	25.66791491
8968	25.67516808
8969	25.68242296
8970	25.68967954
8971	25.69693782
8972	25.70419781
8973	25.7114595
8974	25.71872289
8975	25.72598798
8976	25.73325478
8977	25.74052329
8978	25.74779349
8979	25.7550654
8980	25.76233902
8981	25.76961433
8982	25.77689135
8983	25.78417008
8984	25.79145051
8985	25.79873264
8986	25.80601648
8987	25.81330203
8988	25.82058927
8989	25.82787822
8990	25.83516888
8991	25.84246124
8992	25.84975531
8993	25.85705108
8994	25.86434856
8995	25.87164774
8996	25.87894862
8997	25.88625122
8998	25.89355551
8999	25.90086152
9000	25.90816922
9001	25.91547864
9002	25.92278976
9003	25.93010258
9004	25.93741711
9005	25.94473335
9006	25.9520513
9007	25.95937094
9008	25.9666923
9009	25.97401536
9010	25.98134013
9011	25.98866661
9012	25.99599479
9013	26.00332468
9014	26.01065627
9015	26.01798958
9016	26.02532458
9017	26.0326613
9018	26.03999972
9019	26.04733986
9020	26.05468169
9021	26.06202524
9022	26.06937049
9023	26.07671745
9024	26.08406612
9025	26.0914165
9026	26.09876858
9027	26.10612237
9028	26.11347787
9029	26.12083508
9030	26.128194
9031	26.13555462
9032	26.14291695
9033	26.15028099
9034	26.15764674
9035	26.1650142
9036	26.17238337
9037	26.17975424
9038	26.18712683
9039	26.19450112
9040	26.20187712
9041	26.20925484
9042	26.21663426
9043	26.22401539
9044	26.23139823
9045	26.23878278
9046	26.24616904
9047	26.253557
9048	26.26094668
9049	26.26833807
9050	26.27573117
9051	26.28312598
9052	26.29052249
9053	26.29792072
9054	26.30532066
9055	26.31272231
9056	26.32012567
9057	26.32753074
9058	26.33493752
9059	26.34234601
9060	26.34975621
9061	26.35716812
9062	26.36458175
9063	26.37199708
9064	26.37941413
9065	26.38683288
9066	26.39425335
9067	26.40167553
9068	26.40909942
9069	26.41652503
9070	26.42395234
9071	26.43138137
9072	26.4388121
9073	26.44624455
9074	26.45367871
9075	26.46111459
9076	26.46855217
9077	26.47599147
9078	26.48343248
9079	26.4908752
9080	26.49831964
9081	26.50576579
9082	26.51321365
9083	26.52066322
9084	26.5281145
9085	26.5355675
9086	26.54302221
9087	26.55047864
9088	26.55793678
9089	26.56539663
9090	26.57285819
9091	26.58032147
9092	26.58778646
9093	26.59525316
9094	26.60272158
9095	26.61019172
9096	26.61766356
9097	26.62513712
9098	26.63261239
9099	26.64008938
9100	26.64756808
9101	26.6550485
9102	26.66253063
9103	26.67001448
9104	26.67750003
9105	26.68498731
9106	26.6924763
9107	26.699967
9108	26.70745942
9109	26.71495355
9110	26.7224494
9111	26.72994696
9112	26.73744624
9113	26.74494723
9114	26.75244994
9115	26.75995437
9116	26.76746051
9117	26.77496836
9118	26.78247793
9119	26.78998922
9120	26.79750222
9121	26.80501694
9122	26.81253337
9123	26.82005152
9124	26.82757139
9125	26.83509297
9126	26.84261627
9127	26.85014128
9128	26.85766802
9129	26.86519646
9130	26.87272663
9131	26.88025851
9132	26.88779211
9133	26.89532742
9134	26.90286446
9135	26.9104032
9136	26.91794367
9137	26.92548585
9138	26.93302976
9139	26.94057537
9140	26.94812271
9141	26.95567176
9142	26.96322253
9143	26.97077502
9144	26.97832923
9145	26.98588515
9146	26.99344279
9147	27.00100215
9148	27.00856323
9149	27.01612603
9150	27.02369054
9151	27.03125677
9152	27.03882472
9153	27.04639439
9154	27.05396578
9155	27.06153889
9156	27.06911371
9157	27.07669026
9158	27.08426852
9159	27.0918485
9160	27.09943021
9161	27.10701363
9162	27.11459877
9163	27.12218562
9164	27.1297742
9165	27.1373645
9166	27.14495652
9167	27.15255026
9168	27.16014571
9169	27.16774289
9170	27.17534178
9171	27.1829424
9172	27.19054474
9173	27.19814879
9174	27.20575457
9175	27.21336207
9176	27.22097128
9177	27.22858222
9178	27.23619488
9179	27.24380926
9180	27.25142536
9181	27.25904318
9182	27.26666272
9183	27.27428398
9184	27.28190696
9185	27.28953167
9186	27.29715809
9187	27.30478624
9188	27.31241611
9189	27.3200477
9190	27.32768101
9191	27.33531604
9192	27.34295279
9193	27.35059127
9194	27.35823147
9195	27.36587338
9196	27.37351702
9197	27.38116239
9198	27.38880947
9199	27.39645828
9200	27.40410881
9201	27.41176106
9202	27.41941503
9203	27.42707073
9204	27.43472815
9205	27.44238729
9206	27.45004816
9207	27.45771074
9208	27.46537505
9209	27.47304109
9210	27.48070884
9211	27.48837832
9212	27.49604953
9213	27.50372245
9214	27.5113971
9215	27.51907347
9216	27.52675157
9217	27.53443139
9218	27.54211293
9219	27.5497962
9220	27.55748119
9221	27.5651679
9222	27.57285634
9223	27.58054651
9224	27.58823839
9225	27.595932
9226	27.60362734
9227	27.6113244
9228	27.61902318
9229	27.62672369
9230	27.63442592
9231	27.64212988
9232	27.64983556
9233	27.65754297
9234	27.6652521
9235	27.67296296
9236	27.68067554
9237	27.68838985
9238	27.69610588
9239	27.70382364
9240	27.71154312
9241	27.71926433
9242	27.72698727
9243	27.73471193
9244	27.74243831
9245	27.75016642
9246	27.75789626
9247	27.76562782
9248	27.77336111
9249	27.78109613
9250	27.78883287
9251	27.79657134
9252	27.80431153
9253	27.81205345
9254	27.8197971
9255	27.82754247
9256	27.83528957
9257	27.84303839
9258	27.85078895
9259	27.85854123
9260	27.86629523
9261	27.87405097
9262	27.88180843
9263	27.88956762
9264	27.89732853
9265	27.90509117
9266	27.91285554
9267	27.92062164
9268	27.92838946
9269	27.93615901
9270	27.94393029
9271	27.9517033
9272	27.95947804
9273	27.9672545
9274	27.97503269
9275	27.98281261
9276	27.99059426
9277	27.99837763
9278	28.00616273
9279	28.01394957
9280	28.02173813
9281	28.02952841
9282	28.03732043
9283	28.04511418
9284	28.05290965
9285	28.06070685
9286	28.06850579
9287	28.07630645
9288	28.08410884
9289	28.09191296
9290	28.0997188
9291	28.10752638
9292	28.11533569
9293	28.12314672
9294	28.13095949
9295	28.13877399
9296	28.14659021
9297	28.15440816
9298	28.16222785
9299	28.17004926
9300	28.1778724
9301	28.18569728
9302	28.19352388
9303	28.20135222
9304	28.20918228
9305	28.21701407
9306	28.2248476
9307	28.23268285
9308	28.24051984
9309	28.24835855
9310	28.256199
9311	28.26404118
9312	28.27188509
9313	28.27973072
9314	28.28757809
9315	28.29542719
9316	28.30327803
9317	28.31113059
9318	28.31898488
9319	28.32684091
9320	28.33469867
9321	28.34255815
9322	28.35041937
9323	28.35828232
9324	28.36614701
9325	28.37401342
9326	28.38188157
9327	28.38975145
9328	28.39762306
9329	28.4054964
9330	28.41337147
9331	28.42124828
9332	28.42912682
9333	28.43700709
9334	28.44488909
9335	28.45277283
9336	28.4606583
9337	28.4685455
9338	28.47643443
9339	28.4843251
9340	28.4922175
9341	28.50011163
9342	28.50800749
9343	28.51590509
9344	28.52380442
9345	28.53170548
9346	28.53960828
9347	28.54751281
9348	28.55541908
9349	28.56332707
9350	28.57123681
9351	28.57914827
9352	28.58706147
9353	28.5949764
9354	28.60289307
9355	28.61081147
9356	28.6187316
9357	28.62665347
9358	28.63457707
9359	28.6425024
9360	28.65042947
9361	28.65835828
9362	28.66628882
9363	28.67422109
9364	28.6821551
9365	28.69009084
9366	28.69802832
9367	28.70596753
9368	28.71390848
9369	28.72185116
9370	28.72979557
9371	28.73774173
9372	28.74568961
9373	28.75363923
9374	28.76159059
9375	28.76954368
9376	28.77749851
9377	28.78545507
9378	28.79341337
9379	28.80137341
9380	28.80933518
9381	28.81729868
9382	28.82526392
9383	28.8332309
9384	28.84119961
9385	28.84917006
9386	28.85714225
9387	28.86511617
9388	28.87309183
9389	28.88106922
9390	28.88904835
9391	28.89702922
9392	28.90501182
9393	28.91299616
9394	28.92098224
9395	28.92897005
9396	28.9369596
9397	28.94495088
9398	28.95294391
9399	28.96093867
9400	28.96893517
9401	28.9769334
9402	28.98493337
9403	28.99293508
9404	29.00093853
9405	29.00894371
9406	29.01695063
9407	29.02495929
9408	29.03296969
9409	29.04098182
9410	29.04899569
9411	29.0570113
9412	29.06502865
9413	29.07304773
9414	29.08106856
9415	29.08909112
9416	29.09711542
9417	29.10514146
9418	29.11316923
9419	29.12119875
9420	29.12923
9421	29.13726299
9422	29.14529772
9423	29.15333419
9424	29.1613724
9425	29.16941234
9426	29.17745403
9427	29.18549745
9428	29.19354261
9429	29.20158951
9430	29.20963815
9431	29.21768853
9432	29.22574065
9433	29.23379451
9434	29.24185011
9435	29.24990745
9436	29.25796652
9437	29.26602734
9438	29.2740899
9439	29.28215419
9440	29.29022023
9441	29.298288
9442	29.30635752
9443	29.31442877
9444	29.32250177
9445	29.3305765
9446	29.33865298
9447	29.34673119
9448	29.35481115
9449	29.36289285
9450	29.37097628
9451	29.37906146
9452	29.38714838
9453	29.39523704
9454	29.40332744
9455	29.41141958
9456	29.41951346
9457	29.42760908
9458	29.43570644
9459	29.44380555
9460	29.45190639
9461	29.46000898
9462	29.46811331
9463	29.47621938
9464	29.48432719
9465	29.49243674
9466	29.50054803
9467	29.50866106
9468	29.51677584
9469	29.52489236
9470	29.53301062
9471	29.54113062
9472	29.54925236
9473	29.55737585
9474	29.56550108
9475	29.57362805
9476	29.58175676
9477	29.58988721
9478	29.59801941
9479	29.60615335
9480	29.61428903
9481	29.62242645
9482	29.63056562
9483	29.63870653
9484	29.64684918
9485	29.65499358
9486	29.66313971
9487	29.67128759
9488	29.67943722
9489	29.68758858
9490	29.69574169
9491	29.70389654
9492	29.71205314
9493	29.72021148
9494	29.72837156
9495	29.73653339
9496	29.74469695
9497	29.75286227
9498	29.76102932
9499	29.76919812
9500	29.77736867
9501	29.78554095
9502	29.79371499
9503	29.80189076
9504	29.81006828
9505	29.81824754
9506	29.82642855
9507	29.8346113
9508	29.8427958
9509	29.85098204
9510	29.85917002
9511	29.86735975
9512	29.87555122
9513	29.88374444
9514	29.89193941
9515	29.90013611
9516	29.90833457
9517	29.91653476
9518	29.9247367
9519	29.93294039
9520	29.94114582
9521	29.949353
9522	29.95756192
9523	29.96577259
9524	29.973985
9525	29.98219916
9526	29.99041506
9527	29.99863271
9528	30.00685211
9529	30.01507324
9530	30.02329613
9531	30.03152076
9532	30.03974714
9533	30.04797526
9534	30.05620513
9535	30.06443674
9536	30.07267011
9537	30.08090521
9538	30.08914207
9539	30.09738066
9540	30.10562101
9541	30.1138631
9542	30.12210694
9543	30.13035252
9544	30.13859986
9545	30.14684893
9546	30.15509976
9547	30.16335233
9548	30.17160665
9549	30.17986271
9550	30.18812052
9551	30.19638008
9552	30.20464139
9553	30.21290444
9554	30.22116924
9555	30.22943579
9556	30.23770408
9557	30.24597412
9558	30.25424591
9559	30.26251945
9560	30.27079473
9561	30.27907176
9562	30.28735054
9563	30.29563107
9564	30.30391335
9565	30.31219737
9566	30.32048314
9567	30.32877066
9568	30.33705992
9569	30.34535094
9570	30.3536437
9571	30.36193821
9572	30.37023447
9573	30.37853248
9574	30.38683223
9575	30.39513374
9576	30.40343699
9577	30.41174199
9578	30.42004874
9579	30.42835724
9580	30.43666749
9581	30.44497949
9582	30.45329323
9583	30.46160872
9584	30.46992597
9585	30.47824496
9586	30.4865657
9587	30.49488819
9588	30.50321243
9589	30.51153842
9590	30.51986616
9591	30.52819565
9592	30.53652688
9593	30.54485987
9594	30.55319461
9595	30.56153109
9596	30.56986933
9597	30.57820931
9598	30.58655105
9599	30.59489453
9600	30.60323977
9601	30.61158675
9602	30.61993549
9603	30.62828597
9604	30.63663821
9605	30.64499219
9606	30.65334793
9607	30.66170542
9608	30.67006465
9609	30.67842564
9610	30.68678838
9611	30.69515287
9612	30.70351911
9613	30.7118871
9614	30.72025684
9615	30.72862833
9616	30.73700157
9617	30.74537656
9618	30.75375331
9619	30.7621318
9620	30.77051205
9621	30.77889405
9622	30.7872778
9623	30.7956633
9624	30.80405055
9625	30.81243955
9626	30.82083031
9627	30.82922281
9628	30.83761707
9629	30.84601308
9630	30.85441084
9631	30.86281036
9632	30.87121162
9633	30.87961464
9634	30.88801941
9635	30.89642593
9636	30.9048342
9637	30.91324423
9638	30.921656
9639	30.93006953
9640	30.93848481
9641	30.94690185
9642	30.95532064
9643	30.96374117
9644	30.97216347
9645	30.98058751
9646	30.98901331
9647	30.99744086
9648	31.00587016
9649	31.01430121
9650	31.02273402
9651	31.03116858
9652	31.0396049
9653	31.04804296
9654	31.05648278
9655	31.06492436
9656	31.07336768
9657	31.08181276
9658	31.0902596
9659	31.09870818
9660	31.10715852
9661	31.11561062
9662	31.12406446
9663	31.13252007
9664	31.14097742
9665	31.14943653
9666	31.15789739
9667	31.16636001
9668	31.17482438
9669	31.1832905
9670	31.19175838
9671	31.20022801
9672	31.20869939
9673	31.21717253
9674	31.22564743
9675	31.23412408
9676	31.24260248
9677	31.25108264
9678	31.25956455
9679	31.26804822
9680	31.27653364
9681	31.28502081
9682	31.29350974
9683	31.30200043
9684	31.31049287
9685	31.31898706
9686	31.32748301
9687	31.33598072
9688	31.34448018
9689	31.35298139
9690	31.36148436
9691	31.36998909
9692	31.37849557
9693	31.38700381
9694	31.3955138
9695	31.40402554
9696	31.41253905
9697	31.4210543
9698	31.42957132
9699	31.43809009
9700	31.44661061
9701	31.45513289
9702	31.46365693
9703	31.47218272
9704	31.48071027
9705	31.48923957
9706	31.49777063
9707	31.50630345
9708	31.51483802
9709	31.52337435
9710	31.53191243
9711	31.54045227
9712	31.54899387
9713	31.55753722
9714	31.56608233
9715	31.5746292
9716	31.58317782
9717	31.5917282
9718	31.60028034
9719	31.60883423
9720	31.61738988
9721	31.62594729
9722	31.63450646
9723	31.64306738
9724	31.65163005
9725	31.66019449
9726	31.66876068
9727	31.67732863
9728	31.68589834
9729	31.6944698
9730	31.70304302
9731	31.711618
9732	31.72019474
9733	31.72877323
9734	31.73735348
9735	31.74593549
9736	31.75451926
9737	31.76310478
9738	31.77169206
9739	31.7802811
9740	31.7888719
9741	31.79746445
9742	31.80605877
9743	31.81465484
9744	31.82325267
9745	31.83185225
9746	31.8404536
9747	31.8490567
9748	31.85766157
9749	31.86626819
9750	31.87487657
9751	31.8834867
9752	31.8920986
9753	31.90071225
9754	31.90932767
9755	31.91794484
9756	31.92656377
9757	31.93518446
9758	31.94380691
9759	31.95243111
9760	31.96105708
9761	31.9696848
9762	31.97831429
9763	31.98694553
9764	31.99557853
9765	32.00421329
9766	32.01284981
9767	32.02148809
9768	32.03012813
9769	32.03876993
9770	32.04741349
9771	32.05605881
9772	32.06470588
9773	32.07335472
9774	32.08200532
9775	32.09065767
9776	32.09931179
9777	32.10796766
9778	32.1166253
9779	32.12528469
9780	32.13394585
9781	32.14260877
9782	32.15127344
9783	32.15993988
9784	32.16860807
9785	32.17727803
9786	32.18594974
9787	32.19462322
9788	32.20329846
9789	32.21197545
9790	32.22065421
9791	32.22933473
9792	32.23801701
9793	32.24670105
9794	32.25538685
9795	32.26407441
9796	32.27276373
9797	32.28145481
9798	32.29014766
9799	32.29884226
9800	32.30753863
9801	32.31623675
9802	32.32493664
9803	32.33363829
9804	32.3423417
9805	32.35104687
9806	32.3597538
9807	32.36846249
9808	32.37717295
9809	32.38588516
9810	32.39459914
9811	32.40331488
9812	32.41203238
9813	32.42075164
9814	32.42947267
9815	32.43819545
9816	32.44692
9817	32.45564631
9818	32.46437438
9819	32.47310422
9820	32.48183581
9821	32.49056917
9822	32.49930429
9823	32.50804117
9824	32.51677981
9825	32.52552022
9826	32.53426239
9827	32.54300632
9828	32.55175201
9829	32.56049947
9830	32.56924868
9831	32.57799966
9832	32.58675241
9833	32.59550691
9834	32.60426318
9835	32.61302121
9836	32.621781
9837	32.63054256
9838	32.63930588
9839	32.64807096
9840	32.65683781
9841	32.66560642
9842	32.67437679
9843	32.68314892
9844	32.69192282
9845	32.70069848
9846	32.7094759
9847	32.71825509
9848	32.72703604
9849	32.73581876
9850	32.74460323
9851	32.75338947
9852	32.76217748
9853	32.77096725
9854	32.77975878
9855	32.78855207
9856	32.79734713
9857	32.80614395
9858	32.81494254
9859	32.82374289
9860	32.83254501
9861	32.84134888
9862	32.85015453
9863	32.85896193
9864	32.8677711
9865	32.87658204
9866	32.88539474
9867	32.8942092
9868	32.90302543
9869	32.91184342
9870	32.92066318
9871	32.9294847
9872	32.93830798
9873	32.94713303
9874	32.95595985
9875	32.96478843
9876	32.97361877
9877	32.98245088
9878	32.99128475
9879	33.00012039
9880	33.00895779
9881	33.01779696
9882	33.02663789
9883	33.03548059
9884	33.04432505
9885	33.05317128
9886	33.06201927
9887	33.07086903
9888	33.07972055
9889	33.08857384
9890	33.0974289
9891	33.10628572
9892	33.1151443
9893	33.12400465
9894	33.13286677
9895	33.14173065
9896	33.15059629
9897	33.15946371
9898	33.16833288
9899	33.17720383
9900	33.18607654
9901	33.19495101
9902	33.20382726
9903	33.21270526
9904	33.22158504
9905	33.23046658
9906	33.23934988
9907	33.24823495
9908	33.25712179
9909	33.26601039
9910	33.27490076
9911	33.2837929
9912	33.2926868
9913	33.30158247
9914	33.31047991
9915	33.31937911
9916	33.32828008
9917	33.33718281
9918	33.34608731
9919	33.35499358
9920	33.36390162
9921	33.37281142
9922	33.38172299
9923	33.39063632
9924	33.39955143
9925	33.4084683
9926	33.41738693
9927	33.42630733
9928	33.4352295
9929	33.44415344
9930	33.45307915
9931	33.46200662
9932	33.47093586
9933	33.47986686
9934	33.48879964
9935	33.49773418
9936	33.50667048
9937	33.51560856
9938	33.5245484
9939	33.53349001
9940	33.54243339
9941	33.55137854
9942	33.56032545
9943	33.56927413
9944	33.57822458
9945	33.5871768
9946	33.59613078
9947	33.60508654
9948	33.61404406
9949	33.62300334
9950	33.6319644
9951	33.64092722
9952	33.64989182
9953	33.65885818
9954	33.66782631
9955	33.6767962
9956	33.68576787
9957	33.6947413
9958	33.70371651
9959	33.71269348
9960	33.72167221
9961	33.73065272
9962	33.739635
9963	33.74861904
9964	33.75760486
9965	33.76659244
9966	33.77558179
9967	33.78457291
9968	33.7935658
9969	33.80256045
9970	33.81155688
9971	33.82055507
9972	33.82955504
9973	33.83855677
9974	33.84756027
9975	33.85656554
9976	33.86557258
9977	33.87458139
9978	33.88359197
9979	33.89260432
9980	33.90161843
9981	33.91063432
9982	33.91965197
9983	33.9286714
9984	33.93769259
9985	33.94671556
9986	33.95574029
9987	33.96476679
9988	33.97379507
9989	33.98282511
9990	33.99185692
9991	34.0008905
9992	34.00992585
9993	34.01896298
9994	34.02800187
9995	34.03704253
9996	34.04608496
9997	34.05512916
9998	34.06417513
9999	34.07322287
10000	34.08227238
10001	34.09132367
10002	34.10037672
10003	34.10943154
10004	34.11848813
10005	34.1275465
10006	34.13660663
10007	34.14566853
10008	34.15473221
10009	34.16379765
10010	34.17286487
10011	34.18193385
10012	34.19100461
10013	34.20007713
10014	34.20915143
10015	34.2182275
10016	34.22730534
10017	34.23638495
10018	34.24546633
10019	34.25454948
10020	34.2636344
10021	34.2727211
10022	34.28180956
10023	34.2908998
10024	34.2999918
10025	34.30908558
10026	34.31818113
10027	34.32727845
10028	34.33637754
10029	34.34547841
10030	34.35458104
10031	34.36368544
10032	34.37279162
10033	34.38189957
10034	34.39100929
10035	34.40012078
10036	34.40923404
10037	34.41834908
10038	34.42746589
10039	34.43658446
10040	34.44570481
10041	34.45482693
10042	34.46395083
10043	34.47307649
10044	34.48220393
10045	34.49133314
10046	34.50046412
10047	34.50959687
10048	34.5187314
10049	34.52786769
10050	34.53700576
10051	34.54614561
10052	34.55528722
10053	34.5644306
10054	34.57357576
10055	34.58272269
10056	34.5918714
10057	34.60102187
10058	34.61017412
10059	34.61932814
10060	34.62848393
10061	34.6376415
10062	34.64680083
10063	34.65596194
10064	34.66512483
10065	34.67428948
10066	34.68345591
10067	34.69262411
10068	34.70179409
10069	34.71096583
10070	34.72013935
10071	34.72931464
10072	34.73849171
10073	34.74767055
10074	34.75685116
10075	34.76603354
10076	34.7752177
10077	34.78440363
10078	34.79359134
10079	34.80278082
10080	34.81197207
10081	34.82116509
10082	34.83035989
10083	34.83955646
10084	34.8487548
10085	34.85795492
10086	34.86715681
10087	34.87636047
10088	34.88556591
10089	34.89477312
10090	34.90398211
10091	34.91319287
10092	34.9224054
10093	34.93161971
10094	34.94083579
10095	34.95005364
10096	34.95927327
10097	34.96849467
10098	34.97771785
10099	34.9869428
10100	34.99616952
10101	35.00539802
10102	35.01462829
10103	35.02386034
10104	35.03309416
10105	35.04232975
10106	35.05156712
10107	35.06080626
10108	35.07004718
10109	35.07928987
10110	35.08853434
10111	35.09778058
10112	35.10702859
10113	35.11627838
10114	35.12552994
10115	35.13478328
10116	35.14403839
10117	35.15329528
10118	35.16255394
10119	35.17181438
10120	35.18107659
10121	35.19034058
10122	35.19960634
10123	35.20887387
10124	35.21814318
10125	35.22741427
10126	35.23668713
10127	35.24596176
10128	35.25523817
10129	35.26451636
10130	35.27379632
10131	35.28307806
10132	35.29236157
10133	35.30164685
10134	35.31093391
10135	35.32022275
10136	35.32951336
10137	35.33880575
10138	35.34809991
10139	35.35739585
10140	35.36669356
10141	35.37599305
10142	35.38529431
10143	35.39459735
10144	35.40390217
10145	35.41320876
10146	35.42251713
10147	35.43182727
10148	35.44113918
10149	35.45045288
10150	35.45976835
10151	35.46908559
10152	35.47840461
10153	35.48772541
10154	35.49704798
10155	35.50637233
10156	35.51569846
10157	35.52502636
10158	35.53435603
10159	35.54368748
10160	35.55302071
10161	35.56235572
10162	35.5716925
10163	35.58103106
10164	35.59037139
10165	35.5997135
10166	35.60905739
10167	35.61840305
10168	35.62775049
10169	35.6370997
10170	35.64645069
10171	35.65580346
10172	35.66515801
10173	35.67451433
10174	35.68387242
10175	35.6932323
10176	35.70259395
10177	35.71195738
10178	35.72132258
10179	35.73068956
10180	35.74005832
10181	35.74942885
10182	35.75880117
10183	35.76817525
10184	35.77755112
10185	35.78692876
10186	35.79630818
10187	35.80568938
10188	35.81507235
10189	35.8244571
10190	35.83384363
10191	35.84323193
10192	35.85262201
10193	35.86201387
10194	35.87140751
10195	35.88080292
10196	35.89020011
10197	35.89959908
10198	35.90899982
10199	35.91840235
10200	35.92780665
10201	35.93721272
10202	35.94662058
10203	35.95603021
10204	35.96544162
10205	35.97485481
10206	35.98426977
10207	35.99368651
10208	36.00310504
10209	36.01252533
10210	36.02194741
10211	36.03137126
10212	36.04079689
10213	36.0502243
10214	36.05965349
10215	36.06908445
10216	36.0785172
10217	36.08795172
10218	36.09738802
10219	36.10682609
10220	36.11626595
10221	36.12570758
10222	36.13515099
10223	36.14459618
10224	36.15404315
10225	36.16349189
10226	36.17294242
10227	36.18239472
10228	36.1918488
10229	36.20130466
10230	36.21076229
10231	36.22022171
10232	36.2296829
10233	36.23914587
10234	36.24861063
10235	36.25807715
10236	36.26754546
10237	36.27701555
10238	36.28648741
10239	36.29596106
10240	36.30543648
10241	36.31491368
10242	36.32439266
10243	36.33387342
10244	36.34335595
10245	36.35284027
10246	36.36232636
10247	36.37181424
10248	36.38130389
10249	36.39079532
10250	36.40028853
10251	36.40978352
10252	36.41928029
10253	36.42877883
10254	36.43827916
10255	36.44778126
10256	36.45728515
10257	36.46679081
10258	36.47629825
10259	36.48580748
10260	36.49531848
10261	36.50483126
10262	36.51434582
10263	36.52386216
10264	36.53338027
10265	36.54290017
10266	36.55242185
10267	36.56194531
10268	36.57147054
10269	36.58099756
10270	36.59052635
10271	36.60005693
10272	36.60958928
10273	36.61912341
10274	36.62865933
10275	36.63819702
10276	36.64773649
10277	36.65727775
10278	36.66682078
10279	36.67636559
10280	36.68591218
10281	36.69546055
10282	36.7050107
10283	36.71456264
10284	36.72411635
10285	36.73367184
10286	36.74322911
10287	36.75278816
10288	36.76234899
10289	36.7719116
10290	36.781476
10291	36.79104217
10292	36.80061012
10293	36.81017985
10294	36.81975136
10295	36.82932465
10296	36.83889973
10297	36.84847658
10298	36.85805521
10299	36.86763563
10300	36.87721782
10301	36.88680179
10302	36.89638755
10303	36.90597508
10304	36.9155644
10305	36.9251555
10306	36.93474837
10307	36.94434303
10308	36.95393947
10309	36.96353769
10310	36.97313768
10311	36.98273946
10312	36.99234302
10313	37.00194837
10314	37.01155549
10315	37.02116439
10316	37.03077507
10317	37.04038754
10318	37.05000178
10319	37.05961781
10320	37.06923561
10321	37.0788552
10322	37.08847657
10323	37.09809972
10324	37.10772465
10325	37.11735136
10326	37.12697985
10327	37.13661013
10328	37.14624218
10329	37.15587602
10330	37.16551164
10331	37.17514903
10332	37.18478821
10333	37.19442917
10334	37.20407192
10335	37.21371644
10336	37.22336274
10337	37.23301083
10338	37.2426607
10339	37.25231235
10340	37.26196578
10341	37.27162099
10342	37.28127798
10343	37.29093675
10344	37.30059731
10345	37.31025965
10346	37.31992377
10347	37.32958967
10348	37.33925735
10349	37.34892681
10350	37.35859806
10351	37.36827109
10352	37.37794589
10353	37.38762249
10354	37.39730086
10355	37.40698101
10356	37.41666295
10357	37.42634667
10358	37.43603217
10359	37.44571945
10360	37.45540851
10361	37.46509936
10362	37.47479198
10363	37.48448639
10364	37.49418258
10365	37.50388056
10366	37.51358031
10367	37.52328185
10368	37.53298517
10369	37.54269027
10370	37.55239716
10371	37.56210582
10372	37.57181627
10373	37.5815285
10374	37.59124251
10375	37.60095831
10376	37.61067589
10377	37.62039525
10378	37.63011639
10379	37.63983931
10380	37.64956402
10381	37.65929051
10382	37.66901878
10383	37.67874884
10384	37.68848067
10385	37.69821429
10386	37.70794969
10387	37.71768688
10388	37.72742584
10389	37.73716659
10390	37.74690912
10391	37.75665344
10392	37.76639954
10393	37.77614742
10394	37.78589708
10395	37.79564852
10396	37.80540175
10397	37.81515676
10398	37.82491356
10399	37.83467213
10400	37.84443249
10401	37.85419464
10402	37.86395856
10403	37.87372427
10404	37.88349176
10405	37.89326103
10406	37.90303209
10407	37.91280493
10408	37.92257956
10409	37.93235596
10410	37.94213415
10411	37.95191412
10412	37.96169588
10413	37.97147942
10414	37.98126474
10415	37.99105184
10416	38.00084073
10417	38.0106314
10418	38.02042386
10419	38.0302181
10420	38.04001412
10421	38.04981192
10422	38.05961151
10423	38.06941288
10424	38.07921604
10425	38.08902097
10426	38.09882769
10427	38.1086362
10428	38.11844649
10429	38.12825856
10430	38.13807242
10431	38.14788805
10432	38.15770548
10433	38.16752468
10434	38.17734567
10435	38.18716845
10436	38.196993
10437	38.20681934
10438	38.21664747
10439	38.22647737
10440	38.23630907
10441	38.24614254
10442	38.2559778
10443	38.26581484
10444	38.27565367
10445	38.28549428
10446	38.29533668
10447	38.30518085
10448	38.31502682
10449	38.32487456
10450	38.33472409
10451	38.34457541
10452	38.3544285
10453	38.36428338
10454	38.37414005
10455	38.3839985
10456	38.39385873
10457	38.40372075
10458	38.41358455
10459	38.42345014
10460	38.43331751
10461	38.44318667
10462	38.4530576
10463	38.46293033
10464	38.47280483
10465	38.48268113
10466	38.4925592
10467	38.50243906
10468	38.5123207
10469	38.52220413
10470	38.53208935
10471	38.54197634
10472	38.55186512
10473	38.56175569
10474	38.57164804
10475	38.58154217
10476	38.59143809
10477	38.6013358
10478	38.61123529
10479	38.62113656
10480	38.63103961
10481	38.64094446
10482	38.65085108
10483	38.66075949
10484	38.67066969
10485	38.68058167
10486	38.69049543
10487	38.70041098
10488	38.71032832
10489	38.72024743
10490	38.73016834
10491	38.74009102
10492	38.7500155
10493	38.75994175
10494	38.7698698
10495	38.77979962
10496	38.78973124
10497	38.79966463
10498	38.80959981
10499	38.81953678
10500	38.82947553
10501	38.83941607
10502	38.84935839
10503	38.85930249
10504	38.86924839
10505	38.87919606
10506	38.88914552
10507	38.89909677
10508	38.9090498
10509	38.91900462
10510	38.92896122
10511	38.9389196
10512	38.94887977
10513	38.95884173
10514	38.96880547
10515	38.978771
10516	38.98873831
10517	38.99870741
10518	39.00867829
10519	39.01865096
10520	39.02862541
10521	39.03860165
10522	39.04857967
10523	39.05855948
10524	39.06854107
10525	39.07852445
10526	39.08850962
10527	39.09849657
10528	39.1084853
10529	39.11847582
10530	39.12846813
10531	39.13846222
10532	39.1484581
10533	39.15845576
10534	39.16845521
10535	39.17845644
10536	39.18845946
10537	39.19846426
10538	39.20847085
10539	39.21847923
10540	39.22848939
10541	39.23850134
10542	39.24851507
10543	39.25853059
10544	39.26854789
10545	39.27856698
10546	39.28858786
10547	39.29861052
10548	39.30863496
10549	39.31866119
10550	39.32868921
10551	39.33871902
10552	39.3487506
10553	39.35878398
10554	39.36881914
10555	39.37885609
10556	39.38889482
10557	39.39893534
10558	39.40897764
10559	39.41902173
10560	39.42906761
10561	39.43911527
10562	39.44916472
10563	39.45921595
10564	39.46926897
10565	39.47932378
10566	39.48938037
10567	39.49943875
10568	39.50949891
10569	39.51956086
10570	39.52962459
10571	39.53969012
10572	39.54975742
10573	39.55982652
10574	39.5698974
10575	39.57997006
10576	39.59004452
10577	39.60012075
10578	39.61019878
10579	39.62027859
10580	39.63036019
10581	39.64044357
10582	39.65052874
10583	39.66061569
10584	39.67070444
10585	39.68079496
10586	39.69088728
10587	39.70098138
10588	39.71107727
10589	39.72117494
10590	39.7312744
10591	39.74137564
10592	39.75147868
10593	39.7615835
10594	39.7716901
10595	39.78179849
10596	39.79190867
10597	39.80202063
10598	39.81213439
10599	39.82224992
10600	39.83236725
10601	39.84248636
10602	39.85260725
10603	39.86272994
10604	39.87285441
10605	39.88298066
10606	39.89310871
10607	39.90323853
10608	39.91337015
10609	39.92350355
10610	39.93363874
10611	39.94377572
10612	39.95391448
10613	39.96405503
10614	39.97419737
10615	39.98434149
10616	39.9944874
10617	40.00463509
10618	40.01478457
10619	40.02493584
10620	40.0350889
10621	40.04524374
10622	40.05540037
10623	40.06555879
10624	40.07571899
10625	40.08588098
10626	40.09604476
10627	40.10621032
10628	40.11637767
10629	40.12654681
10630	40.13671773
10631	40.14689044
10632	40.15706494
10633	40.16724123
10634	40.1774193
10635	40.18759916
10636	40.1977808
10637	40.20796423
10638	40.21814945
10639	40.22833646
10640	40.23852525
10641	40.24871583
10642	40.2589082
10643	40.26910235
10644	40.27929829
10645	40.28949602
10646	40.29969554
10647	40.30989684
10648	40.32009993
10649	40.33030481
10650	40.34051147
10651	40.35071992
10652	40.36093016
10653	40.37114218
10654	40.381356
10655	40.39157159
10656	40.40178898
10657	40.41200815
10658	40.42222912
10659	40.43245186
10660	40.4426764
10661	40.45290272
10662	40.46313083
10663	40.47336073
10664	40.48359241
10665	40.49382588
10666	40.50406114
10667	40.51429819
10668	40.52453702
10669	40.53477764
10670	40.54502005
10671	40.55526424
10672	40.56551023
10673	40.575758
10674	40.58600755
10675	40.5962589
10676	40.60651203
10677	40.61676695
10678	40.62702366
10679	40.63728215
10680	40.64754243
10681	40.6578045
10682	40.66806836
10683	40.678334
10684	40.68860143
10685	40.69887065
10686	40.70914166
10687	40.71941445
10688	40.72968903
10689	40.7399654
10690	40.75024356
10691	40.7605235
10692	40.77080523
10693	40.78108875
10694	40.79137406
10695	40.80166115
10696	40.81195003
10697	40.8222407
10698	40.83253316
10699	40.8428274
10700	40.85312344
10701	40.86342126
10702	40.87372086
10703	40.88402226
10704	40.89432544
10705	40.90463041
10706	40.91493717
10707	40.92524571
10708	40.93555605
10709	40.94586817
10710	40.95618207
10711	40.96649777
10712	40.97681525
10713	40.98713453
10714	40.99745559
10715	41.00777843
10716	41.01810307
10717	41.02842949
10718	41.0387577
10719	41.0490877
10720	41.05941948
10721	41.06975306
10722	41.08008842
10723	41.09042557
10724	41.10076451
10725	41.11110523
10726	41.12144774
10727	41.13179204
10728	41.14213813
10729	41.15248601
10730	41.16283567
10731	41.17318713
10732	41.18354037
10733	41.19389539
10734	41.20425221
10735	41.21461081
10736	41.2249712
10737	41.23533338
10738	41.24569735
10739	41.25606311
10740	41.26643065
10741	41.27679998
10742	41.2871711
10743	41.29754401
10744	41.3079187
10745	41.31829518
10746	41.32867345
10747	41.33905351
10748	41.34943536
10749	41.359819
10750	41.37020442
10751	41.38059163
10752	41.39098063
10753	41.40137142
10754	41.41176399
10755	41.42215835
10756	41.4325545
10757	41.44295244
10758	41.45335217
10759	41.46375369
10760	41.47415699
10761	41.48456208
10762	41.49496896
10763	41.50537763
10764	41.51578808
10765	41.52620033
10766	41.53661436
10767	41.54703018
10768	41.55744779
10769	41.56786718
10770	41.57828837
10771	41.58871134
10772	41.5991361
10773	41.60956265
10774	41.61999099
10775	41.63042111
10776	41.64085303
10777	41.65128673
10778	41.66172222
10779	41.6721595
10780	41.68259856
10781	41.69303942
10782	41.70348206
10783	41.71392649
10784	41.72437271
10785	41.73482072
10786	41.74527051
10787	41.7557221
10788	41.76617547
10789	41.77663063
10790	41.78708758
10791	41.79754631
10792	41.80800684
10793	41.81846915
10794	41.82893325
10795	41.83939914
10796	41.84986682
10797	41.86033629
10798	41.87080754
10799	41.88128059
10800	41.89175542
10801	41.90223204
10802	41.91271044
10803	41.92319064
10804	41.93367262
10805	41.9441564
10806	41.95464196
10807	41.96512931
10808	41.97561845
10809	41.98610937
10810	41.99660209
10811	42.00709659
10812	42.01759288
10813	42.02809096
10814	42.03859083
10815	42.04909248
10816	42.05959593
10817	42.07010116
10818	42.08060818
10819	42.09111699
10820	42.10162759
10821	42.11213998
10822	42.12265415
10823	42.13317012
10824	42.14368787
10825	42.15420741
10826	42.16472874
10827	42.17525185
10828	42.18577676
10829	42.19630345
10830	42.20683193
10831	42.21736221
10832	42.22789426
10833	42.23842811
10834	42.24896375
10835	42.25950117
10836	42.27004038
10837	42.28058139
10838	42.29112418
10839	42.30166875
10840	42.31221512
10841	42.32276328
10842	42.33331322
10843	42.34386495
10844	42.35441847
10845	42.36497378
10846	42.37553088
10847	42.38608976
10848	42.39665044
10849	42.4072129
10850	42.41777715
10851	42.42834319
10852	42.43891102
10853	42.44948064
10854	42.46005204
10855	42.47062524
10856	42.48120022
10857	42.49177699
10858	42.50235555
10859	42.5129359
10860	42.52351803
10861	42.53410196
10862	42.54468767
10863	42.55527517
10864	42.56586446
10865	42.57645554
10866	42.58704841
10867	42.59764306
10868	42.60823951
10869	42.61883774
10870	42.62943776
10871	42.64003957
10872	42.65064317
10873	42.66124856
10874	42.67185573
10875	42.6824647
10876	42.69307545
10877	42.70368799
10878	42.71430232
10879	42.72491844
10880	42.73553634
10881	42.74615604
10882	42.75677752
10883	42.7674008
10884	42.77802586
10885	42.78865271
10886	42.79928134
10887	42.80991177
10888	42.82054398
10889	42.83117799
10890	42.84181378
10891	42.85245136
10892	42.86309073
10893	42.87373189
10894	42.88437483
10895	42.89501957
10896	42.90566609
10897	42.9163144
10898	42.9269645
10899	42.93761639
10900	42.94827007
10901	42.95892554
10902	42.96958279
10903	42.98024184
10904	42.99090267
10905	43.00156529
10906	43.0122297
10907	43.02289589
10908	43.03356388
10909	43.04423365
10910	43.05490522
10911	43.06557857
10912	43.07625371
10913	43.08693064
10914	43.09760936
10915	43.10828986
10916	43.11897216
10917	43.12965624
10918	43.14034211
10919	43.15102977
10920	43.16171922
10921	43.17241046
10922	43.18310348
10923	43.1937983
10924	43.2044949
10925	43.21519329
10926	43.22589347
10927	43.23659544
10928	43.2472992
10929	43.25800474
10930	43.26871208
10931	43.2794212
10932	43.29013211
10933	43.30084481
10934	43.3115593
10935	43.32227557
10936	43.33299364
10937	43.34371349
10938	43.35443514
10939	43.36515857
10940	43.37588379
10941	43.38661079
10942	43.39733959
10943	43.40807018
10944	43.41880255
10945	43.42953671
10946	43.44027266
10947	43.4510104
10948	43.46174993
10949	43.47249124
10950	43.48323435
10951	43.49397924
10952	43.50472592
10953	43.51547439
10954	43.52622465
10955	43.5369767
10956	43.54773054
10957	43.55848616
10958	43.56924357
10959	43.58000277
10960	43.59076376
10961	43.60152654
10962	43.61229111
10963	43.62305746
10964	43.63382561
10965	43.64459554
10966	43.65536726
10967	43.66614077
10968	43.67691607
10969	43.68769315
10970	43.69847203
10971	43.70925269
10972	43.72003514
10973	43.73081938
10974	43.74160541
10975	43.75239323
10976	43.76318283
10977	43.77397423
10978	43.78476741
10979	43.79556238
10980	43.80635914
10981	43.81715769
10982	43.82795802
10983	43.83876015
10984	43.84956406
10985	43.86036976
10986	43.87117725
10987	43.88198653
10988	43.89279759
10989	43.90361045
10990	43.91442509
10991	43.92524152
10992	43.93605974
10993	43.94687975
10994	43.95770155
10995	43.96852514
10996	43.97935051
10997	43.99017767
10998	44.00100662
10999	44.01183736
11000	44.02266989
11001	44.0335042
11002	44.04434031
11003	44.0551782
11004	44.06601788
11005	44.07685935
11006	44.08770261
11007	44.09854765
11008	44.10939449
11009	44.12024311
11010	44.13109352
11011	44.14194572
11012	44.15279971
11013	44.16365548
11014	44.17451304
11015	44.1853724
11016	44.19623354
11017	44.20709647
11018	44.21796118
11019	44.22882769
11020	44.23969598
11021	44.25056606
11022	44.26143794
11023	44.27231159
11024	44.28318704
11025	44.29406428
11026	44.3049433
11027	44.31582411
11028	44.32670671
11029	44.3375911
11030	44.34847727
11031	44.35936524
11032	44.37025499
11033	44.38114653
11034	44.39203986
11035	44.40293498
11036	44.41383188
11037	44.42473058
11038	44.43563106
11039	44.44653333
11040	44.45743739
11041	44.46834323
11042	44.47925087
11043	44.49016029
11044	44.5010715
11045	44.5119845
11046	44.52289929
11047	44.53381586
11048	44.54473423
11049	44.55565438
11050	44.56657632
11051	44.57750005
11052	44.58842556
11053	44.59935287
11054	44.61028196
11055	44.62121284
11056	44.63214551
11057	44.64307996
11058	44.65401621
11059	44.66495424
11060	44.67589406
11061	44.68683567
11062	44.69777907
11063	44.70872425
11064	44.71967122
11065	44.73061999
11066	44.74157053
11067	44.75252287
11068	44.763477
11069	44.77443291
11070	44.78539061
11071	44.7963501
11072	44.80731137
11073	44.81827444
11074	44.82923929
11075	44.84020593
11076	44.85117436
11077	44.86214458
11078	44.87311658
11079	44.88409037
11080	44.89506595
11081	44.90604332
11082	44.91702248
11083	44.92800342
11084	44.93898615
11085	44.94997067
11086	44.96095698
11087	44.97194508
11088	44.98293496
11089	44.99392663
11090	45.00492009
11091	45.01591534
11092	45.02691237
11093	45.03791119
11094	45.0489118
11095	45.0599142
11096	45.07091839
11097	45.08192436
11098	45.09293212
11099	45.10394167
11100	45.11495301
11101	45.12596613
11102	45.13698105
11103	45.14799775
11104	45.15901623
11105	45.17003651
11106	45.18105857
11107	45.19208242
11108	45.20310806
11109	45.21413549
11110	45.2251647
11111	45.2361957
11112	45.24722849
11113	45.25826307
11114	45.26929944
11115	45.28033759
11116	45.29137753
11117	45.30241925
11118	45.31346277
11119	45.32450807
11120	45.33555516
11121	45.34660404
11122	45.35765471
11123	45.36870716
11124	45.3797614
11125	45.39081743
11126	45.40187524
11127	45.41293485
11128	45.42399624
11129	45.43505942
11130	45.44612438
11131	45.45719113
11132	45.46825967
11133	45.47933
11134	45.49040212
11135	45.50147602
11136	45.51255171
11137	45.52362919
11138	45.53470845
11139	45.54578951
11140	45.55687235
11141	45.56795697
11142	45.57904339
11143	45.59013159
11144	45.60122158
11145	45.61231336
11146	45.62340692
11147	45.63450227
11148	45.64559941
11149	45.65669834
11150	45.66779905
11151	45.67890155
11152	45.69000584
11153	45.70111192
11154	45.71221978
11155	45.72332943
11156	45.73444087
11157	45.74555409
11158	45.7566691
11159	45.7677859
11160	45.77890449
11161	45.79002486
11162	45.80114702
11163	45.81227097
11164	45.8233967
11165	45.83452422
11166	45.84565353
11167	45.85678463
11168	45.86791751
11169	45.87905218
11170	45.89018864
11171	45.90132688
11172	45.91246691
11173	45.92360873
11174	45.93475233
11175	45.94589773
11176	45.95704491
11177	45.96819387
11178	45.97934463
11179	45.99049717
11180	46.00165149
11181	46.01280761
11182	46.02396551
11183	46.0351252
11184	46.04628667
11185	46.05744993
11186	46.06861498
11187	46.07978182
11188	46.09095044
11189	46.10212085
11190	46.11329305
11191	46.12446703
11192	46.1356428
11193	46.14682036
11194	46.1579997
11195	46.16918083
11196	46.18036375
11197	46.19154845
11198	46.20273494
11199	46.21392322
11200	46.22511328
11201	46.23630513
11202	46.24749877
11203	46.25869419
11204	46.2698914
11205	46.2810904
11206	46.29229119
11207	46.30349376
11208	46.31469811
11209	46.32590426
11210	46.33711219
11211	46.34832191
11212	46.35953341
11213	46.3707467
11214	46.38196178
11215	46.39317864
11216	46.40439729
11217	46.41561773
11218	46.42683995
11219	46.43806396
11220	46.44928975
11221	46.46051734
11222	46.47174671
11223	46.48297786
11224	46.4942108
11225	46.50544553
11226	46.51668204
11227	46.52792034
11228	46.53916043
11229	46.55040231
11230	46.56164596
11231	46.57289141
11232	46.58413864
11233	46.59538766
11234	46.60663847
11235	46.61789106
11236	46.62914544
11237	46.6404016
11238	46.65165955
11239	46.66291928
11240	46.67418081
11241	46.68544412
11242	46.69670921
11243	46.70797609
11244	46.71924476
11245	46.73051521
11246	46.74178745
11247	46.75306147
11248	46.76433729
11249	46.77561488
11250	46.78689427
11251	46.79817544
11252	46.80945839
11253	46.82074313
11254	46.83202966
11255	46.84331797
11256	46.85460807
11257	46.86589996
11258	46.87719363
11259	46.88848909
11260	46.89978633
11261	46.91108536
11262	46.92238617
11263	46.93368877
11264	46.94499316
11265	46.95629933
11266	46.96760729
11267	46.97891704
11268	46.99022856
11269	47.00154188
11270	47.01285698
11271	47.02417387
11272	47.03549254
11273	47.046813
11274	47.05813524
11275	47.06945927
11276	47.08078509
11277	47.09211269
11278	47.10344208
11279	47.11477325
11280	47.12610621
11281	47.13744095
11282	47.14877748
11283	47.16011579
11284	47.17145589
11285	47.18279778
11286	47.19414145
11287	47.20548691
11288	47.21683415
11289	47.22818318
11290	47.23953399
11291	47.25088659
11292	47.26224097
11293	47.27359714
11294	47.28495509
11295	47.29631483
11296	47.30767636
11297	47.31903967
11298	47.33040477
11299	47.34177165
11300	47.35314031
11301	47.36451076
11302	47.375883
11303	47.38725702
11304	47.39863283
11305	47.41001042
11306	47.4213898
11307	47.43277096
11308	47.44415391
11309	47.45553864
11310	47.46692516
11311	47.47831347
11312	47.48970355
11313	47.50109543
11314	47.51248909
11315	47.52388453
11316	47.53528176
11317	47.54668077
11318	47.55808157
11319	47.56948415
11320	47.58088852
11321	47.59229467
11322	47.60370261
11323	47.61511233
11324	47.62652384
11325	47.63793713
11326	47.64935221
11327	47.66076907
11328	47.67218772
11329	47.68360815
11330	47.69503037
11331	47.70645437
11332	47.71788016
11333	47.72930773
11334	47.74073708
11335	47.75216822
11336	47.76360115
11337	47.77503586
11338	47.78647235
11339	47.79791063
11340	47.80935069
11341	47.82079254
11342	47.83223617
11343	47.84368159
11344	47.85512879
11345	47.86657777
11346	47.87802854
11347	47.8894811
11348	47.90093544
11349	47.91239156
11350	47.92384947
11351	47.93530916
11352	47.94677064
11353	47.9582339
11354	47.96969894
11355	47.98116577
11356	47.99263439
11357	48.00410478
11358	48.01557697
11359	48.02705093
11360	48.03852668
11361	48.05000422
11362	48.06148354
11363	48.07296464
11364	48.08444753
11365	48.0959322
11366	48.10741865
11367	48.11890689
11368	48.13039692
11369	48.14188872
11370	48.15338231
11371	48.16487769
11372	48.17637485
11373	48.18787379
11374	48.19937452
11375	48.21087703
11376	48.22238133
11377	48.23388741
11378	48.24539527
11379	48.25690491
11380	48.26841634
11381	48.27992956
11382	48.29144456
11383	48.30296134
11384	48.3144799
11385	48.32600025
11386	48.33752239
11387	48.3490463
11388	48.360572
11389	48.37209949
11390	48.38362875
11391	48.3951598
11392	48.40669264
11393	48.41822726
11394	48.42976366
11395	48.44130184
11396	48.45284181
11397	48.46438356
11398	48.4759271
11399	48.48747242
11400	48.49901952
11401	48.51056841
11402	48.52211908
11403	48.53367153
11404	48.54522576
11405	48.55678178
11406	48.56833959
11407	48.57989917
11408	48.59146054
11409	48.60302369
11410	48.61458863
11411	48.62615535
11412	48.63772385
11413	48.64929413
11414	48.6608662
11415	48.67244005
11416	48.68401568
11417	48.6955931
11418	48.7071723
11419	48.71875328
11420	48.73033605
11421	48.7419206
11422	48.75350693
11423	48.76509505
11424	48.77668494
11425	48.78827662
11426	48.79987009
11427	48.81146533
11428	48.82306236
11429	48.83466117
11430	48.84626177
11431	48.85786415
11432	48.86946831
11433	48.88107425
11434	48.89268197
11435	48.90429148
11436	48.91590277
11437	48.92751585
11438	48.9391307
11439	48.95074734
11440	48.96236576
11441	48.97398596
11442	48.98560795
11443	48.99723172
11444	49.00885727
11445	49.0204846
11446	49.03211372
11447	49.04374462
11448	49.0553773
11449	49.06701176
11450	49.078648
11451	49.09028603
11452	49.10192584
11453	49.11356743
11454	49.12521081
11455	49.13685596
11456	49.1485029
11457	49.16015162
11458	49.17180213
11459	49.18345441
11460	49.19510848
11461	49.20676433
11462	49.21842196
11463	49.23008137
11464	49.24174257
11465	49.25340554
11466	49.2650703
11467	49.27673684
11468	49.28840517
11469	49.30007527
11470	49.31174716
11471	49.32342083
11472	49.33509628
11473	49.34677351
11474	49.35845252
11475	49.37013332
11476	49.38181589
11477	49.39350025
11478	49.40518639
11479	49.41687432
11480	49.42856402
11481	49.4402555
11482	49.45194877
11483	49.46364382
11484	49.47534065
11485	49.48703926
11486	49.49873965
11487	49.51044183
11488	49.52214578
11489	49.53385152
11490	49.54555904
11491	49.55726834
11492	49.56897942
11493	49.58069228
11494	49.59240693
11495	49.60412335
11496	49.61584156
11497	49.62756155
11498	49.63928331
11499	49.65100686
11500	49.6627322
11501	49.67445931
11502	49.6861882
11503	49.69791888
11504	49.70965133
11505	49.72138557
11506	49.73312158
11507	49.74485938
11508	49.75659896
11509	49.76834032
11510	49.78008346
11511	49.79182838
11512	49.80357509
11513	49.81532357
11514	49.82707383
11515	49.83882588
11516	49.8505797
11517	49.86233531
11518	49.8740927
11519	49.88585186
11520	49.89761281
11521	49.90937554
11522	49.92114005
11523	49.93290634
11524	49.94467441
11525	49.95644426
11526	49.96821589
11527	49.97998931
11528	49.9917645
11529	50.00354147
11530	50.01532022
11531	50.02710076
11532	50.03888307
11533	50.05066716
11534	50.06245304
11535	50.07424069
11536	50.08603013
11537	50.09782134
11538	50.10961434
11539	50.12140911
11540	50.13320567
11541	50.145004
11542	50.15680412
11543	50.16860602
11544	50.18040969
11545	50.19221515
11546	50.20402238
11547	50.2158314
11548	50.22764219
11549	50.23945477
11550	50.25126912
11551	50.26308526
11552	50.27490317
11553	50.28672286
11554	50.29854434
11555	50.31036759
11556	50.32219263
11557	50.33401944
11558	50.34584803
11559	50.3576784
11560	50.36951056
11561	50.38134449
11562	50.3931802
11563	50.40501769
11564	50.41685696
11565	50.42869801
11566	50.44054084
11567	50.45238544
11568	50.46423183
11569	50.47608
11570	50.48792994
11571	50.49978167
11572	50.51163517
11573	50.52349046
11574	50.53534752
11575	50.54720636
11576	50.55906698
11577	50.57092938
11578	50.58279356
11579	50.59465952
11580	50.60652726
11581	50.61839677
11582	50.63026807
11583	50.64214114
11584	50.654016
11585	50.66589263
11586	50.67777104
11587	50.68965123
11588	50.7015332
11589	50.71341695
11590	50.72530247
11591	50.73718978
11592	50.74907886
11593	50.76096972
11594	50.77286236
11595	50.78475678
11596	50.79665298
11597	50.80855096
11598	50.82045071
11599	50.83235225
11600	50.84425556
11601	50.85616065
11602	50.86806752
11603	50.87997616
11604	50.89188659
11605	50.90379879
11606	50.91571277
11607	50.92762853
11608	50.93954607
11609	50.95146539
11610	50.96338648
11611	50.97530936
11612	50.98723401
11613	50.99916044
11614	51.01108864
11615	51.02301863
11616	51.03495039
11617	51.04688393
11618	51.05881925
11619	51.07075635
11620	51.08269522
11621	51.09463588
11622	51.10657831
11623	51.11852252
11624	51.1304685
11625	51.14241627
11626	51.15436581
11627	51.16631713
11628	51.17827022
11629	51.1902251
11630	51.20218175
11631	51.21414018
11632	51.22610039
11633	51.23806237
11634	51.25002613
11635	51.26199167
11636	51.27395899
11637	51.28592808
11638	51.29789895
11639	51.3098716
11640	51.32184603
11641	51.33382223
11642	51.34580021
11643	51.35777997
11644	51.3697615
11645	51.38174482
11646	51.3937299
11647	51.40571677
11648	51.41770541
11649	51.42969583
11650	51.44168803
11651	51.453682
11652	51.46567775
11653	51.47767528
11654	51.48967459
11655	51.50167567
11656	51.51367853
11657	51.52568316
11658	51.53768957
11659	51.54969776
11660	51.56170773
11661	51.57371947
11662	51.58573299
11663	51.59774828
11664	51.60976535
11665	51.6217842
11666	51.63380482
11667	51.64582722
11668	51.6578514
11669	51.66987735
11670	51.68190508
11671	51.69393459
11672	51.70596587
11673	51.71799893
11674	51.73003377
11675	51.74207038
11676	51.75410876
11677	51.76614893
11678	51.77819087
11679	51.79023458
11680	51.80228007
11681	51.81432734
11682	51.82637639
11683	51.8384272
11684	51.8504798
11685	51.86253417
11686	51.87459032
11687	51.88664824
11688	51.89870794
11689	51.91076941
11690	51.92283266
11691	51.93489769
11692	51.94696449
11693	51.95903307
11694	51.97110342
11695	51.98317555
11696	51.99524945
11697	52.00732513
11698	52.01940259
11699	52.03148182
11700	52.04356282
11701	52.0556456
11702	52.06773016
11703	52.07981649
11704	52.09190459
11705	52.10399448
11706	52.11608613
11707	52.12817957
11708	52.14027477
11709	52.15237175
11710	52.16447051
11711	52.17657104
11712	52.18867335
11713	52.20077743
11714	52.21288329
11715	52.22499092
11716	52.23710033
11717	52.24921151
11718	52.26132447
11719	52.2734392
11720	52.28555571
11721	52.29767399
11722	52.30979404
11723	52.32191587
11724	52.33403948
11725	52.34616486
11726	52.35829201
11727	52.37042094
11728	52.38255164
11729	52.39468412
11730	52.40681837
11731	52.41895439
11732	52.43109219
11733	52.44323177
11734	52.45537312
11735	52.46751624
11736	52.47966114
11737	52.49180781
11738	52.50395625
11739	52.51610647
11740	52.52825847
11741	52.54041223
11742	52.55256777
11743	52.56472509
11744	52.57688418
11745	52.58904504
11746	52.60120768
11747	52.61337209
11748	52.62553827
11749	52.63770623
11750	52.64987596
11751	52.66204747
11752	52.67422075
11753	52.6863958
11754	52.69857263
11755	52.71075123
11756	52.7229316
11757	52.73511375
11758	52.74729767
11759	52.75948336
11760	52.77167083
11761	52.78386007
11762	52.79605108
11763	52.80824387
11764	52.82043843
11765	52.83263476
11766	52.84483287
11767	52.85703275
11768	52.8692344
11769	52.88143783
11770	52.89364303
11771	52.90585
11772	52.91805874
11773	52.93026926
11774	52.94248155
11775	52.95469561
11776	52.96691145
11777	52.97912906
11778	52.99134844
11779	53.0035696
11780	53.01579252
11781	53.02801722
11782	53.04024369
11783	53.05247194
11784	53.06470195
11785	53.07693374
11786	53.08916731
11787	53.10140264
11788	53.11363975
11789	53.12587863
11790	53.13811928
11791	53.1503617
11792	53.1626059
11793	53.17485186
11794	53.1870996
11795	53.19934912
11796	53.2116004
11797	53.22385346
11798	53.23610829
11799	53.24836489
11800	53.26062326
11801	53.2728834
11802	53.28514532
11803	53.29740901
11804	53.30967446
11805	53.3219417
11806	53.3342107
11807	53.34648147
11808	53.35875402
11809	53.37102834
11810	53.38330443
11811	53.39558229
11812	53.40786192
11813	53.42014332
11814	53.4324265
11815	53.44471145
11816	53.45699816
11817	53.46928665
11818	53.48157691
11819	53.49386895
11820	53.50616275
11821	53.51845832
11822	53.53075567
11823	53.54305478
11824	53.55535567
11825	53.56765833
11826	53.57996276
11827	53.59226896
11828	53.60457693
11829	53.61688667
11830	53.62919818
11831	53.64151147
11832	53.65382652
11833	53.66614335
11834	53.67846194
11835	53.69078231
11836	53.70310445
11837	53.71542835
11838	53.72775403
11839	53.74008148
11840	53.7524107
11841	53.76474169
11842	53.77707445
11843	53.78940898
11844	53.80174528
11845	53.81408335
11846	53.82642319
11847	53.8387648
11848	53.85110818
11849	53.86345333
11850	53.87580025
11851	53.88814894
11852	53.9004994
11853	53.91285164
11854	53.92520564
11855	53.93756141
11856	53.94991895
11857	53.96227826
11858	53.97463934
11859	53.98700219
11860	53.99936681
11861	54.0117332
11862	54.02410136
11863	54.03647128
11864	54.04884298
11865	54.06121645
11866	54.07359169
11867	54.08596869
11868	54.09834747
11869	54.11072801
11870	54.12311033
11871	54.13549441
11872	54.14788026
11873	54.16026788
11874	54.17265727
11875	54.18504843
11876	54.19744136
11877	54.20983606
11878	54.22223253
11879	54.23463076
11880	54.24703077
11881	54.25943254
11882	54.27183608
11883	54.28424139
11884	54.29664847
11885	54.30905732
11886	54.32146794
11887	54.33388033
11888	54.34629448
11889	54.3587104
11890	54.37112809
11891	54.38354755
11892	54.39596878
11893	54.40839178
11894	54.42081654
11895	54.43324308
11896	54.44567138
11897	54.45810145
11898	54.47053329
11899	54.48296689
11900	54.49540227
11901	54.50783941
11902	54.52027832
11903	54.532719
11904	54.54516144
11905	54.55760566
11906	54.57005164
11907	54.58249939
11908	54.5949489
11909	54.60740019
11910	54.61985324
11911	54.63230806
11912	54.64476465
11913	54.65722301
11914	54.66968313
11915	54.68214502
11916	54.69460868
11917	54.7070741
11918	54.71954129
11919	54.73201025
11920	54.74448098
11921	54.75695348
11922	54.76942774
11923	54.78190377
11924	54.79438156
11925	54.80686113
11926	54.81934246
11927	54.83182555
11928	54.84431042
11929	54.85679705
11930	54.86928545
11931	54.88177561
11932	54.89426754
11933	54.90676124
11934	54.9192567
11935	54.93175394
11936	54.94425293
11937	54.9567537
11938	54.96925623
11939	54.98176053
11940	54.99426659
11941	55.00677442
11942	55.01928402
11943	55.03179538
11944	55.04430851
11945	55.05682341
11946	55.06934007
11947	55.0818585
11948	55.09437869
11949	55.10690065
11950	55.11942438
11951	55.13194987
11952	55.14447713
11953	55.15700615
11954	55.16953694
11955	55.1820695
11956	55.19460382
11957	55.20713991
11958	55.21967776
11959	55.23221738
11960	55.24475876
11961	55.25730191
11962	55.26984683
11963	55.28239351
11964	55.29494195
11965	55.30749217
11966	55.32004414
11967	55.33259789
11968	55.34515339
11969	55.35771067
11970	55.3702697
11971	55.38283051
11972	55.39539307
11973	55.40795741
11974	55.42052351
11975	55.43309137
11976	55.445661
11977	55.45823239
11978	55.47080555
11979	55.48338047
11980	55.49595716
11981	55.50853561
11982	55.52111583
11983	55.53369781
11984	55.54628155
11985	55.55886706
11986	55.57145434
11987	55.58404338
11988	55.59663418
11989	55.60922675
11990	55.62182108
11991	55.63441718
11992	55.64701504
11993	55.65961467
11994	55.67221605
11995	55.68481921
11996	55.69742413
11997	55.71003081
11998	55.72263925
11999	55.73524946
12000	55.74786143
12001	55.76047517
12002	55.77309067
12003	55.78570794
12004	55.79832697
12005	55.81094776
12006	55.82357031
12007	55.83619463
12008	55.84882071
12009	55.86144856
12010	55.87407817
12011	55.88670954
12012	55.89934268
12013	55.91197758
12014	55.92461424
12015	55.93725267
12016	55.94989286
12017	55.96253481
12018	55.97517852
12019	55.987824
12020	56.00047124
12021	56.01312025
12022	56.02577102
12023	56.03842355
12024	56.05107784
12025	56.06373389
12026	56.07639171
12027	56.08905129
12028	56.10171264
12029	56.11437574
12030	56.12704061
12031	56.13970724
12032	56.15237564
12033	56.16504579
12034	56.17771771
12035	56.19039139
12036	56.20306684
12037	56.21574404
12038	56.22842301
12039	56.24110374
12040	56.25378623
12041	56.26647048
12042	56.2791565
12043	56.29184428
12044	56.30453382
12045	56.31722512
12046	56.32991818
12047	56.34261301
12048	56.35530959
12049	56.36800794
12050	56.38070805
12051	56.39340992
12052	56.40611356
12053	56.41881895
12054	56.43152611
12055	56.44423503
12056	56.4569457
12057	56.46965814
12058	56.48237235
12059	56.49508831
12060	56.50780603
12061	56.52052552
12062	56.53324676
12063	56.54596977
12064	56.55869454
12065	56.57142107
12066	56.58414936
12067	56.59687941
12068	56.60961122
12069	56.62234479
12070	56.63508013
12071	56.64781722
12072	56.66055607
12073	56.67329669
12074	56.68603906
12075	56.6987832
12076	56.7115291
12077	56.72427675
12078	56.73702617
12079	56.74977735
12080	56.76253029
12081	56.77528498
12082	56.78804144
12083	56.80079966
12084	56.81355964
12085	56.82632138
12086	56.83908487
12087	56.85185013
12088	56.86461715
12089	56.87738593
12090	56.89015646
12091	56.90292876
12092	56.91570282
12093	56.92847864
12094	56.94125621
12095	56.95403555
12096	56.96681664
12097	56.9795995
12098	56.99238411
12099	57.00517048
12100	57.01795862
12101	57.03074851
12102	57.04354016
12103	57.05633357
12104	57.06912874
12105	57.08192567
12106	57.09472435
12107	57.1075248
12108	57.12032701
12109	57.13313097
12110	57.14593669
12111	57.15874417
12112	57.17155341
12113	57.18436441
12114	57.19717717
12115	57.20999169
12116	57.22280796
12117	57.235626
12118	57.24844579
12119	57.26126734
12120	57.27409065
12121	57.28691571
12122	57.29974254
12123	57.31257112
12124	57.32540146
12125	57.33823356
12126	57.35106742
12127	57.36390303
12128	57.37674041
12129	57.38957954
12130	57.40242043
12131	57.41526308
12132	57.42810748
12133	57.44095364
12134	57.45380156
12135	57.46665124
12136	57.47950268
12137	57.49235587
12138	57.50521082
12139	57.51806753
12140	57.53092599
12141	57.54378621
12142	57.55664819
12143	57.56951193
12144	57.58237742
12145	57.59524468
12146	57.60811368
12147	57.62098445
12148	57.63385697
12149	57.64673125
12150	57.65960729
12151	57.67248508
12152	57.68536463
12153	57.69824593
12154	57.711129
12155	57.72401382
12156	57.73690039
12157	57.74978873
12158	57.76267881
12159	57.77557066
12160	57.78846426
12161	57.80135962
12162	57.81425674
12163	57.82715561
12164	57.84005623
12165	57.85295862
12166	57.86586276
12167	57.87876865
12168	57.8916763
12169	57.90458571
12170	57.91749687
12171	57.93040979
12172	57.94332447
12173	57.9562409
12174	57.96915908
12175	57.98207902
12176	57.99500072
12177	58.00792417
12178	58.02084938
12179	58.03377635
12180	58.04670506
12181	58.05963554
12182	58.07256777
12183	58.08550175
12184	58.09843749
12185	58.11137499
12186	58.12431424
12187	58.13725524
12188	58.150198
12189	58.16314252
12190	58.17608879
12191	58.18903681
12192	58.20198659
12193	58.21493813
12194	58.22789142
12195	58.24084646
12196	58.25380326
12197	58.26676181
12198	58.27972212
12199	58.29268418
12200	58.305648
12201	58.31861357
12202	58.33158089
12203	58.34454997
12204	58.3575208
12205	58.37049339
12206	58.38346773
12207	58.39644382
12208	58.40942167
12209	58.42240128
12210	58.43538263
12211	58.44836574
12212	58.46135061
12213	58.47433723
12214	58.4873256
12215	58.50031572
12216	58.5133076
12217	58.52630123
12218	58.53929662
12219	58.55229376
12220	58.56529265
12221	58.5782933
12222	58.59129569
12223	58.60429985
12224	58.61730575
12225	58.63031341
12226	58.64332282
12227	58.65633398
12228	58.6693469
12229	58.68236157
12230	58.69537799
12231	58.70839617
12232	58.7214161
12233	58.73443778
12234	58.74746121
12235	58.7604864
12236	58.77351334
12237	58.78654203
12238	58.79957247
12239	58.81260467
12240	58.82563861
12241	58.83867431
12242	58.85171177
12243	58.86475097
12244	58.87779193
12245	58.89083464
12246	58.9038791
12247	58.91692531
12248	58.92997327
12249	58.94302299
12250	58.95607446
12251	58.96912768
12252	58.98218265
12253	58.99523937
12254	59.00829785
12255	59.02135807
12256	59.03442005
12257	59.04748378
12258	59.06054926
12259	59.07361649
12260	59.08668547
12261	59.09975621
12262	59.11282869
12263	59.12590293
12264	59.13897891
12265	59.15205665
12266	59.16513614
12267	59.17821738
12268	59.19130037
12269	59.20438511
12270	59.2174716
12271	59.23055985
12272	59.24364984
12273	59.25674158
12274	59.26983508
12275	59.28293032
12276	59.29602732
12277	59.30912606
12278	59.32222656
12279	59.3353288
12280	59.3484328
12281	59.36153854
12282	59.37464604
12283	59.38775529
12284	59.40086628
12285	59.41397903
12286	59.42709352
12287	59.44020977
12288	59.45332776
12289	59.46644751
12290	59.479569
12291	59.49269225
12292	59.50581724
12293	59.51894398
12294	59.53207248
12295	59.54520272
12296	59.55833471
12297	59.57146845
12298	59.58460394
12299	59.59774118
12300	59.61088017
12301	59.6240209
12302	59.63716339
12303	59.65030762
12304	59.66345361
12305	59.67660134
12306	59.68975082
12307	59.70290205
12308	59.71605503
12309	59.72920975
12310	59.74236623
12311	59.75552445
12312	59.76868442
12313	59.78184614
12314	59.79500961
12315	59.80817483
12316	59.8213418
12317	59.83451051
12318	59.84768097
12319	59.86085318
12320	59.87402714
12321	59.88720284
12322	59.9003803
12323	59.9135595
12324	59.92674045
12325	59.93992314
12326	59.95310759
12327	59.96629378
12328	59.97948172
12329	59.9926714
12330	60.00586284
12331	60.01905602
12332	60.03225095
12333	60.04544762
12334	60.05864605
12335	60.07184622
12336	60.08504814
12337	60.0982518
12338	60.11145721
12339	60.12466437
12340	60.13787327
12341	60.15108393
12342	60.16429633
12343	60.17751047
12344	60.19072636
12345	60.203944
12346	60.21716339
12347	60.23038452
12348	60.2436074
12349	60.25683202
12350	60.27005839
12351	60.28328651
12352	60.29651637
12353	60.30974798
12354	60.32298134
12355	60.33621644
12356	60.34945328
12357	60.36269188
12358	60.37593222
12359	60.3891743
12360	60.40241813
12361	60.41566371
12362	60.42891103
12363	60.4421601
12364	60.45541091
12365	60.46866347
12366	60.48191777
12367	60.49517382
12368	60.50843162
12369	60.52169116
12370	60.53495244
12371	60.54821547
12372	60.56148024
12373	60.57474676
12374	60.58801503
12375	60.60128504
12376	60.61455679
12377	60.62783029
12378	60.64110554
12379	60.65438253
12380	60.66766126
12381	60.68094174
12382	60.69422396
12383	60.70750793
12384	60.72079364
12385	60.73408109
12386	60.74737029
12387	60.76066123
12388	60.77395392
12389	60.78724835
12390	60.80054453
12391	60.81384245
12392	60.82714211
12393	60.84044352
12394	60.85374667
12395	60.86705157
12396	60.88035821
12397	60.89366659
12398	60.90697671
12399	60.92028858
12400	60.9336022
12401	60.94691755
12402	60.96023465
12403	60.9735535
12404	60.98687408
12405	61.00019641
12406	61.01352048
12407	61.0268463
12408	61.04017386
12409	61.05350316
12410	61.0668342
12411	61.08016699
12412	61.09350152
12413	61.10683779
12414	61.12017581
12415	61.13351556
12416	61.14685706
12417	61.1602003
12418	61.17354529
12419	61.18689202
12420	61.20024049
12421	61.2135907
12422	61.22694265
12423	61.24029635
12424	61.25365178
12425	61.26700896
12426	61.28036789
12427	61.29372855
12428	61.30709096
12429	61.3204551
12430	61.33382099
12431	61.34718862
12432	61.36055799
12433	61.37392911
12434	61.38730196
12435	61.40067656
12436	61.4140529
12437	61.42743097
12438	61.44081079
12439	61.45419236
12440	61.46757566
12441	61.4809607
12442	61.49434749
12443	61.50773601
12444	61.52112628
12445	61.53451828
12446	61.54791203
12447	61.56130752
12448	61.57470475
12449	61.58810372
12450	61.60150443
12451	61.61490688
12452	61.62831107
12453	61.641717
12454	61.65512467
12455	61.66853408
12456	61.68194523
12457	61.69535813
12458	61.70877276
12459	61.72218913
12460	61.73560724
12461	61.74902709
12462	61.76244868
12463	61.77587201
12464	61.78929708
12465	61.80272389
12466	61.81615244
12467	61.82958273
12468	61.84301476
12469	61.85644853
12470	61.86988404
12471	61.88332128
12472	61.89676027
12473	61.91020099
12474	61.92364346
12475	61.93708766
12476	61.9505336
12477	61.96398128
12478	61.9774307
12479	61.99088186
12480	62.00433476
12481	62.01778939
12482	62.03124576
12483	62.04470388
12484	62.05816373
12485	62.07162532
12486	62.08508864
12487	62.09855371
12488	62.11202051
12489	62.12548906
12490	62.13895934
12491	62.15243135
12492	62.16590511
12493	62.17938061
12494	62.19285784
12495	62.20633681
12496	62.21981751
12497	62.23329996
12498	62.24678414
12499	62.26027006
12500	62.27375772
12501	62.28724711
12502	62.30073825
12503	62.31423112
12504	62.32772572
12505	62.34122207
12506	62.35472015
12507	62.36821997
12508	62.38172152
12509	62.39522481
12510	62.40872984
12511	62.42223661
12512	62.43574511
12513	62.44925535
12514	62.46276732
12515	62.47628104
12516	62.48979649
12517	62.50331367
12518	62.51683259
12519	62.53035325
12520	62.54387564
12521	62.55739977
12522	62.57092564
12523	62.58445324
12524	62.59798258
12525	62.61151365
12526	62.62504646
12527	62.63858101
12528	62.65211729
12529	62.66565531
12530	62.67919506
12531	62.69273655
12532	62.70627977
12533	62.71982473
12534	62.73337143
12535	62.74691986
12536	62.76047002
12537	62.77402192
12538	62.78757556
12539	62.80113093
12540	62.81468803
12541	62.82824688
12542	62.84180745
12543	62.85536976
12544	62.86893381
12545	62.88249958
12546	62.8960671
12547	62.90963635
12548	62.92320733
12549	62.93678005
12550	62.9503545
12551	62.96393069
12552	62.97750861
12553	62.99108826
12554	63.00466965
12555	63.01825277
12556	63.03183763
12557	63.04542422
12558	63.05901254
12559	63.0726026
12560	63.08619439
12561	63.09978792
12562	63.11338318
12563	63.12698017
12564	63.1405789
12565	63.15417936
12566	63.16778155
12567	63.18138548
12568	63.19499114
12569	63.20859853
12570	63.22220765
12571	63.23581851
12572	63.2494311
12573	63.26304543
12574	63.27666149
12575	63.29027928
12576	63.3038988
12577	63.31752005
12578	63.33114304
12579	63.34476776
12580	63.35839422
12581	63.3720224
12582	63.38565232
12583	63.39928397
12584	63.41291735
12585	63.42655246
12586	63.44018931
12587	63.45382789
12588	63.4674682
12589	63.48111024
12590	63.49475402
12591	63.50839952
12592	63.52204676
12593	63.53569573
12594	63.54934643
12595	63.56299886
12596	63.57665302
12597	63.59030892
12598	63.60396654
12599	63.6176259
12600	63.63128699
12601	63.64494981
12602	63.65861436
12603	63.67228064
12604	63.68594866
12605	63.6996184
12606	63.71328987
12607	63.72696308
12608	63.74063801
12609	63.75431468
12610	63.76799308
12611	63.7816732
12612	63.79535506
12613	63.80903865
12614	63.82272397
12615	63.83641101
12616	63.85009979
12617	63.8637903
12618	63.87748254
12619	63.89117651
12620	63.90487221
12621	63.91856963
12622	63.93226879
12623	63.94596968
12624	63.95967229
12625	63.97337664
12626	63.98708272
12627	64.00079052
12628	64.01450006
12629	64.02821132
12630	64.04192431
12631	64.05563904
12632	64.06935549
12633	64.08307367
12634	64.09679358
12635	64.11051522
12636	64.12423858
12637	64.13796368
12638	64.1516905
12639	64.16541906
12640	64.17914934
12641	64.19288135
12642	64.20661509
12643	64.22035055
12644	64.23408775
12645	64.24782667
12646	64.26156732
12647	64.2753097
12648	64.28905381
12649	64.30279965
12650	64.31654721
12651	64.3302965
12652	64.34404752
12653	64.35780027
12654	64.37155474
12655	64.38531095
12656	64.39906887
12657	64.41282853
12658	64.42658992
12659	64.44035303
12660	64.45411787
12661	64.46788443
12662	64.48165273
12663	64.49542275
12664	64.50919449
12665	64.52296797
12666	64.53674317
12667	64.55052009
12668	64.56429875
12669	64.57807913
12670	64.59186124
12671	64.60564507
12672	64.61943063
12673	64.63321792
12674	64.64700693
12675	64.66079767
12676	64.67459014
12677	64.68838433
12678	64.70218025
12679	64.71597789
12680	64.72977726
12681	64.74357835
12682	64.75738117
12683	64.77118572
12684	64.78499199
12685	64.79879999
12686	64.81260971
12687	64.82642116
12688	64.84023434
12689	64.85404924
12690	64.86786586
12691	64.88168421
12692	64.89550429
12693	64.90932609
12694	64.92314961
12695	64.93697486
12696	64.95080183
12697	64.96463053
12698	64.97846096
12699	64.99229311
12700	65.00612698
12701	65.01996258
12702	65.0337999
12703	65.04763894
12704	65.06147971
12705	65.07532221
12706	65.08916643
12707	65.10301237
12708	65.11686004
12709	65.13070943
12710	65.14456054
12711	65.15841338
12712	65.17226794
12713	65.18612423
12714	65.19998224
12715	65.21384197
12716	65.22770343
12717	65.24156661
12718	65.25543151
12719	65.26929814
12720	65.28316649
12721	65.29703656
12722	65.31090836
12723	65.32478188
12724	65.33865712
12725	65.35253408
12726	65.36641277
12727	65.38029318
12728	65.39417531
12729	65.40805917
12730	65.42194474
12731	65.43583204
12732	65.44972107
12733	65.46361181
12734	65.47750428
12735	65.49139847
12736	65.50529438
12737	65.51919201
12738	65.53309137
12739	65.54699244
12740	65.56089524
12741	65.57479976
12742	65.588706
12743	65.60261397
12744	65.61652365
12745	65.63043506
12746	65.64434819
12747	65.65826304
12748	65.67217961
12749	65.6860979
12750	65.70001791
12751	65.71393965
12752	65.7278631
12753	65.74178828
12754	65.75571517
12755	65.76964379
12756	65.78357413
12757	65.79750619
12758	65.81143997
12759	65.82537547
12760	65.83931269
12761	65.85325163
12762	65.86719229
12763	65.88113467
12764	65.89507877
12765	65.90902459
12766	65.92297213
12767	65.9369214
12768	65.95087238
12769	65.96482508
12770	65.9787795
12771	65.99273564
12772	66.0066935
12773	66.02065308
12774	66.03461438
12775	66.04857739
12776	66.06254213
12777	66.07650859
12778	66.09047676
12779	66.10444666
12780	66.11841827
12781	66.13239161
12782	66.14636666
12783	66.16034343
12784	66.17432192
12785	66.18830213
12786	66.20228405
12787	66.2162677
12788	66.23025306
12789	66.24424014
12790	66.25822894
12791	66.27221946
12792	66.2862117
12793	66.30020565
12794	66.31420133
12795	66.32819872
12796	66.34219782
12797	66.35619865
12798	66.3702012
12799	66.38420546
12800	66.39821144
12801	66.41221913
12802	66.42622855
12803	66.44023968
12804	66.45425253
12805	66.4682671
12806	66.48228338
12807	66.49630138
12808	66.5103211
12809	66.52434253
12810	66.53836568
12811	66.55239055
12812	66.56641714
12813	66.58044544
12814	66.59447546
12815	66.60850719
12816	66.62254064
12817	66.63657581
12818	66.6506127
12819	66.6646513
12820	66.67869161
12821	66.69273365
12822	66.7067774
12823	66.72082286
12824	66.73487004
12825	66.74891894
12826	66.76296955
12827	66.77702188
12828	66.79107592
12829	66.80513168
12830	66.81918915
12831	66.83324834
12832	66.84730925
12833	66.86137187
12834	66.87543621
12835	66.88950226
12836	66.90357002
12837	66.9176395
12838	66.9317107
12839	66.94578361
12840	66.95985823
12841	66.97393457
12842	66.98801263
12843	67.0020924
12844	67.01617388
12845	67.03025708
12846	67.04434199
12847	67.05842862
12848	67.07251696
12849	67.08660701
12850	67.10069878
12851	67.11479226
12852	67.12888746
12853	67.14298437
12854	67.15708299
12855	67.17118333
12856	67.18528538
12857	67.19938915
12858	67.21349463
12859	67.22760182
12860	67.24171072
12861	67.25582134
12862	67.26993367
12863	67.28404772
12864	67.29816347
12865	67.31228094
12866	67.32640013
12867	67.34052102
12868	67.35464363
12869	67.36876795
12870	67.38289399
12871	67.39702173
12872	67.41115119
12873	67.42528236
12874	67.43941525
12875	67.45354984
12876	67.46768615
12877	67.48182417
12878	67.4959639
12879	67.51010534
12880	67.5242485
12881	67.53839337
12882	67.55253995
12883	67.56668824
12884	67.58083824
12885	67.59498995
12886	67.60914338
12887	67.62329851
12888	67.63745536
12889	67.65161392
12890	67.66577419
12891	67.67993617
12892	67.69409986
12893	67.70826527
12894	67.72243238
12895	67.7366012
12896	67.75077174
12897	67.76494398
12898	67.77911794
12899	67.79329361
12900	67.80747098
12901	67.82165007
12902	67.83583087
12903	67.85001337
12904	67.86419759
12905	67.87838352
12906	67.89257116
12907	67.9067605
12908	67.92095156
12909	67.93514433
12910	67.9493388
12911	67.96353499
12912	67.97773289
12913	67.99193249
12914	68.0061338
12915	68.02033683
12916	68.03454156
12917	68.048748
12918	68.06295615
12919	68.07716601
12920	68.09137758
12921	68.10559086
12922	68.11980584
12923	68.13402254
12924	68.14824094
12925	68.16246105
12926	68.17668287
12927	68.1909064
12928	68.20513164
12929	68.21935858
12930	68.23358724
12931	68.2478176
12932	68.26204967
12933	68.27628344
12934	68.29051893
12935	68.30475612
12936	68.31899502
12937	68.33323563
12938	68.34747795
12939	68.36172197
12940	68.3759677
12941	68.39021514
12942	68.40446428
12943	68.41871513
12944	68.43296769
12945	68.44722196
12946	68.46147793
12947	68.47573561
12948	68.489995
12949	68.50425609
12950	68.51851889
12951	68.5327834
12952	68.54704961
12953	68.56131753
12954	68.57558716
12955	68.58985849
12956	68.60413153
12957	68.61840627
12958	68.63268272
12959	68.64696088
12960	68.66124074
12961	68.67552231
12962	68.68980558
12963	68.70409056
12964	68.71837725
12965	68.73266564
12966	68.74695573
12967	68.76124754
12968	68.77554104
12969	68.78983625
12970	68.80413317
12971	68.81843179
12972	68.83273212
12973	68.84703415
12974	68.86133789
12975	68.87564333
12976	68.88995047
12977	68.90425933
12978	68.91856988
12979	68.93288214
12980	68.9471961
12981	68.96151177
12982	68.97582914
12983	68.99014822
12984	69.004469
12985	69.01879149
12986	69.03311567
12987	69.04744157
12988	69.06176916
12989	69.07609846
12990	69.09042946
12991	69.10476217
12992	69.11909658
12993	69.13343269
12994	69.14777051
12995	69.16211003
12996	69.17645125
12997	69.19079418
12998	69.20513881
12999	69.21948514
13000	69.23383318
13001	69.24818291
13002	69.26253435
13003	69.2768875
13004	69.29124234
13005	69.30559889
13006	69.31995714
13007	69.33431709
13008	69.34867875
13009	69.3630421
13010	69.37740716
13011	69.39177392
13012	69.40614239
13013	69.42051255
13014	69.43488442
13015	69.44925799
13016	69.46363326
13017	69.47801023
13018	69.4923889
13019	69.50676927
13020	69.52115135
13021	69.53553512
13022	69.5499206
13023	69.56430778
13024	69.57869666
13025	69.59308724
13026	69.60747952
13027	69.6218735
13028	69.63626919
13029	69.65066657
13030	69.66506565
13031	69.67946644
13032	69.69386892
13033	69.70827311
13034	69.72267899
13035	69.73708658
13036	69.75149586
13037	69.76590685
13038	69.78031953
13039	69.79473392
13040	69.80915
13041	69.82356778
13042	69.83798727
13043	69.85240845
13044	69.86683133
13045	69.88125592
13046	69.8956822
13047	69.91011018
13048	69.92453986
13049	69.93897124
13050	69.95340431
13051	69.96783909
13052	69.98227556
13053	69.99671374
13054	70.01115361
13055	70.02559518
13056	70.04003845
13057	70.05448342
13058	70.06893009
13059	70.08337845
13060	70.09782851
13061	70.11228027
13062	70.12673373
13063	70.14118889
13064	70.15564574
13065	70.17010429
13066	70.18456454
13067	70.19902649
13068	70.21349014
13069	70.22795548
13070	70.24242252
13071	70.25689126
13072	70.27136169
13073	70.28583382
13074	70.30030765
13075	70.31478318
13076	70.3292604
13077	70.34373932
13078	70.35821993
13079	70.37270225
13080	70.38718626
13081	70.40167196
13082	70.41615936
13083	70.43064846
13084	70.44513926
13085	70.45963175
13086	70.47412594
13087	70.48862182
13088	70.5031194
13089	70.51761867
13090	70.53211964
13091	70.54662231
13092	70.56112667
13093	70.57563273
13094	70.59014048
13095	70.60464993
13096	70.61916107
13097	70.63367391
13098	70.64818845
13099	70.66270468
13100	70.6772226
13101	70.69174222
13102	70.70626353
13103	70.72078654
13104	70.73531125
13105	70.74983764
13106	70.76436574
13107	70.77889552
13108	70.79342701
13109	70.80796018
13110	70.82249505
13111	70.83703162
13112	70.85156987
13113	70.86610983
13114	70.88065147
13115	70.89519481
13116	70.90973984
13117	70.92428657
13118	70.93883499
13119	70.95338511
13120	70.96793691
13121	70.98249041
13122	70.99704561
13123	71.01160249
13124	71.02616107
13125	71.04072135
13126	71.05528331
13127	71.06984697
13128	71.08441232
13129	71.09897937
13130	71.11354811
13131	71.12811853
13132	71.14269066
13133	71.15726447
13134	71.17183998
13135	71.18641718
13136	71.20099607
13137	71.21557665
13138	71.23015892
13139	71.24474289
13140	71.25932855
13141	71.2739159
13142	71.28850494
13143	71.30309567
13144	71.3176881
13145	71.33228221
13146	71.34687802
13147	71.36147552
13148	71.37607471
13149	71.39067559
13150	71.40527816
13151	71.41988243
13152	71.43448838
13153	71.44909602
13154	71.46370536
13155	71.47831638
13156	71.4929291
13157	71.50754351
13158	71.5221596
13159	71.53677739
13160	71.55139687
13161	71.56601803
13162	71.58064089
13163	71.59526544
13164	71.60989167
13165	71.6245196
13166	71.63914922
13167	71.65378052
13168	71.66841352
13169	71.6830482
13170	71.69768458
13171	71.71232264
13172	71.72696239
13173	71.74160384
13174	71.75624697
13175	71.77089179
13176	71.78553829
13177	71.80018649
13178	71.81483638
13179	71.82948795
13180	71.84414121
13181	71.85879617
13182	71.87345281
13183	71.88811113
13184	71.90277115
13185	71.91743286
13186	71.93209625
13187	71.94676133
13188	71.9614281
13189	71.97609655
13190	71.9907667
13191	72.00543853
13192	72.02011205
13193	72.03478725
13194	72.04946415
13195	72.06414273
13196	72.078823
13197	72.09350495
13198	72.1081886
13199	72.12287393
13200	72.13756094
13201	72.15224964
13202	72.16694003
13203	72.18163211
13204	72.19632587
13205	72.21102132
13206	72.22571846
13207	72.24041728
13208	72.25511779
13209	72.26981999
13210	72.28452387
13211	72.29922943
13212	72.31393669
13213	72.32864562
13214	72.34335625
13215	72.35806856
13216	72.37278255
13217	72.38749823
13218	72.4022156
13219	72.41693465
13220	72.43165539
13221	72.44637781
13222	72.46110192
13223	72.47582771
13224	72.49055519
13225	72.50528435
13226	72.52001519
13227	72.53474773
13228	72.54948194
13229	72.56421784
13230	72.57895543
13231	72.59369469
13232	72.60843565
13233	72.62317828
13234	72.63792261
13235	72.65266861
13236	72.6674163
13237	72.68216567
13238	72.69691673
13239	72.71166947
13240	72.72642389
13241	72.74118
13242	72.75593779
13243	72.77069726
13244	72.78545842
13245	72.80022126
13246	72.81498579
13247	72.82975199
13248	72.84451988
13249	72.85928945
13250	72.87406071
13251	72.88883365
13252	72.90360827
13253	72.91838457
13254	72.93316255
13255	72.94794222
13256	72.96272357
13257	72.9775066
13258	72.99229132
13259	73.00707771
13260	73.02186579
13261	73.03665555
13262	73.05144699
13263	73.06624011
13264	73.08103492
13265	73.0958314
13266	73.11062957
13267	73.12542942
13268	73.14023095
13269	73.15503416
13270	73.16983905
13271	73.18464562
13272	73.19945387
13273	73.21426381
13274	73.22907542
13275	73.24388872
13276	73.2587037
13277	73.27352035
13278	73.28833869
13279	73.30315871
13280	73.3179804
13281	73.33280378
13282	73.34762884
13283	73.36245558
13284	73.37728399
13285	73.39211409
13286	73.40694587
13287	73.42177932
13288	73.43661446
13289	73.45145128
13290	73.46628977
13291	73.48112994
13292	73.4959718
13293	73.51081533
13294	73.52566054
13295	73.54050743
13296	73.555356
13297	73.57020625
13298	73.58505817
13299	73.59991178
13300	73.61476706
13301	73.62962402
13302	73.64448267
13303	73.65934298
13304	73.67420498
13305	73.68906866
13306	73.70393401
13307	73.71880104
13308	73.73366975
13309	73.74854013
13310	73.7634122
13311	73.77828594
13312	73.79316136
13313	73.80803845
13314	73.82291723
13315	73.83779768
13316	73.85267981
13317	73.86756361
13318	73.88244909
13319	73.89733625
13320	73.91222509
13321	73.9271156
13322	73.94200779
13323	73.95690165
13324	73.9717972
13325	73.98669441
13326	74.00159331
13327	74.01649388
13328	74.03139613
13329	74.04630005
13330	74.06120565
13331	74.07611292
13332	74.09102187
13333	74.1059325
13334	74.1208448
13335	74.13575878
13336	74.15067443
13337	74.16559176
13338	74.18051076
13339	74.19543144
13340	74.21035379
13341	74.22527782
13342	74.24020352
13343	74.2551309
13344	74.27005995
13345	74.28499068
13346	74.29992308
13347	74.31485716
13348	74.32979291
13349	74.34473034
13350	74.35966944
13351	74.37461021
13352	74.38955266
13353	74.40449678
13354	74.41944257
13355	74.43439004
13356	74.44933918
13357	74.46429
13358	74.47924249
13359	74.49419665
13360	74.50915249
13361	74.52411
13362	74.53906918
13363	74.55403004
13364	74.56899257
13365	74.58395677
13366	74.59892265
13367	74.61389019
13368	74.62885941
13369	74.64383031
13370	74.65880287
13371	74.67377711
13372	74.68875302
13373	74.7037306
13374	74.71870985
13375	74.73369078
13376	74.74867338
13377	74.76365765
13378	74.77864359
13379	74.7936312
13380	74.80862049
13381	74.82361145
13382	74.83860407
13383	74.85359837
13384	74.86859434
13385	74.88359199
13386	74.8985913
13387	74.91359228
13388	74.92859494
13389	74.94359926
13390	74.95860526
13391	74.97361293
13392	74.98862226
13393	75.00363327
13394	75.01864595
13395	75.0336603
13396	75.04867632
13397	75.06369401
13398	75.07871336
13399	75.09373439
13400	75.10875709
13401	75.12378146
13402	75.1388075
13403	75.15383521
13404	75.16886458
13405	75.18389563
13406	75.19892835
13407	75.21396273
13408	75.22899878
13409	75.24403651
13410	75.2590759
13411	75.27411696
13412	75.28915969
13413	75.30420409
13414	75.31925016
13415	75.33429789
13416	75.3493473
13417	75.36439837
13418	75.37945111
13419	75.39450552
13420	75.4095616
13421	75.42461934
13422	75.43967876
13423	75.45473984
13424	75.46980258
13425	75.484867
13426	75.49993308
13427	75.51500084
13428	75.53007025
13429	75.54514134
13430	75.56021409
13431	75.57528851
13432	75.5903646
13433	75.60544236
13434	75.62052178
13435	75.63560286
13436	75.65068562
13437	75.66577004
13438	75.68085613
13439	75.69594388
13440	75.7110333
13441	75.72612439
13442	75.74121714
13443	75.75631156
13444	75.77140764
13445	75.78650539
13446	75.80160481
13447	75.81670589
13448	75.83180864
13449	75.84691305
13450	75.86201913
13451	75.87712688
13452	75.89223628
13453	75.90734736
13454	75.9224601
13455	75.9375745
13456	75.95269057
13457	75.96780831
13458	75.9829277
13459	75.99804877
13460	76.01317149
13461	76.02829589
13462	76.04342194
13463	76.05854966
13464	76.07367905
13465	76.0888101
13466	76.10394281
13467	76.11907719
13468	76.13421323
13469	76.14935093
13470	76.1644903
13471	76.17963133
13472	76.19477403
13473	76.20991839
13474	76.22506441
13475	76.2402121
13476	76.25536144
13477	76.27051245
13478	76.28566513
13479	76.30081947
13480	76.31597547
13481	76.33113313
13482	76.34629245
13483	76.36145344
13484	76.37661609
13485	76.3917804
13486	76.40694638
13487	76.42211401
13488	76.43728331
13489	76.45245427
13490	76.46762689
13491	76.48280118
13492	76.49797712
13493	76.51315473
13494	76.528334
13495	76.54351493
13496	76.55869752
13497	76.57388177
13498	76.58906768
13499	76.60425526
13500	76.61944449
13501	76.63463539
13502	76.64982795
13503	76.66502217
13504	76.68021804
13505	76.69541558
13506	76.71061478
13507	76.72581564
13508	76.74101816
13509	76.75622234
13510	76.77142818
13511	76.78663568
13512	76.80184484
13513	76.81705566
13514	76.83226814
13515	76.84748228
13516	76.86269808
13517	76.87791553
13518	76.89313465
13519	76.90835543
13520	76.92357786
13521	76.93880196
13522	76.95402771
13523	76.96925512
13524	76.98448419
13525	76.99971492
13526	77.01494731
13527	77.03018136
13528	77.04541706
13529	77.06065443
13530	77.07589345
13531	77.09113413
13532	77.10637646
13533	77.12162046
13534	77.13686611
13535	77.15211343
13536	77.16736239
13537	77.18261302
13538	77.1978653
13539	77.21311925
13540	77.22837484
13541	77.2436321
13542	77.25889101
13543	77.27415158
13544	77.28941381
13545	77.30467769
13546	77.31994323
13547	77.33521043
13548	77.35047929
13549	77.3657498
13550	77.38102196
13551	77.39629579
13552	77.41157127
13553	77.4268484
13554	77.44212719
13555	77.45740764
13556	77.47268974
13557	77.4879735
13558	77.50325892
13559	77.51854599
13560	77.53383471
13561	77.54912509
13562	77.56441713
13563	77.57971082
13564	77.59500617
13565	77.61030317
13566	77.62560182
13567	77.64090213
13568	77.6562041
13569	77.67150772
13570	77.686813
13571	77.70211993
13572	77.71742851
13573	77.73273875
13574	77.74805064
13575	77.76336419
13576	77.77867939
13577	77.79399624
13578	77.80931475
13579	77.82463491
13580	77.83995673
13581	77.8552802
13582	77.87060532
13583	77.8859321
13584	77.90126053
13585	77.91659061
13586	77.93192234
13587	77.94725573
13588	77.96259077
13589	77.97792747
13590	77.99326581
13591	78.00860581
13592	78.02394747
13593	78.03929077
13594	78.05463573
13595	78.06998234
13596	78.0853306
13597	78.10068051
13598	78.11603207
13599	78.13138529
13600	78.14674016
13601	78.16209668
13602	78.17745485
13603	78.19281468
13604	78.20817615
13605	78.22353928
13606	78.23890406
13607	78.25427048
13608	78.26963856
13609	78.28500829
13610	78.30037968
13611	78.31575271
13612	78.33112739
13613	78.34650372
13614	78.36188171
13615	78.37726134
13616	78.39264263
13617	78.40802556
13618	78.42341015
13619	78.43879638
13620	78.45418427
13621	78.4695738
13622	78.48496499
13623	78.50035782
13624	78.5157523
13625	78.53114844
13626	78.54654622
13627	78.56194565
13628	78.57734673
13629	78.59274946
13630	78.60815384
13631	78.62355987
13632	78.63896754
13633	78.65437687
13634	78.66978784
13635	78.68520046
13636	78.70061474
13637	78.71603065
13638	78.73144822
13639	78.74686744
13640	78.7622883
13641	78.77771081
13642	78.79313497
13643	78.80856078
13644	78.82398823
13645	78.83941734
13646	78.85484809
13647	78.87028048
13648	78.88571453
13649	78.90115022
13650	78.91658756
13651	78.93202654
13652	78.94746718
13653	78.96290946
13654	78.97835338
13655	78.99379896
13656	79.00924617
13657	79.02469504
13658	79.04014555
13659	79.05559771
13660	79.07105152
13661	79.08650697
13662	79.10196406
13663	79.11742281
13664	79.13288319
13665	79.14834523
13666	79.16380891
13667	79.17927423
13668	79.1947412
13669	79.21020982
13670	79.22568008
13671	79.24115199
13672	79.25662554
13673	79.27210074
13674	79.28757758
13675	79.30305606
13676	79.31853619
13677	79.33401797
13678	79.34950139
13679	79.36498645
13680	79.38047316
13681	79.39596151
13682	79.41145151
13683	79.42694315
13684	79.44243643
13685	79.45793136
13686	79.47342793
13687	79.48892615
13688	79.50442601
13689	79.51992751
13690	79.53543066
13691	79.55093544
13692	79.56644188
13693	79.58194995
13694	79.59745967
13695	79.61297103
13696	79.62848403
13697	79.64399868
13698	79.65951497
13699	79.6750329
13700	79.69055248
13701	79.70607369
13702	79.72159655
13703	79.73712105
13704	79.75264719
13705	79.76817498
13706	79.7837044
13707	79.79923547
13708	79.81476818
13709	79.83030253
13710	79.84583852
13711	79.86137616
13712	79.87691543
13713	79.89245635
13714	79.9079989
13715	79.9235431
13716	79.93908894
13717	79.95463642
13718	79.97018554
13719	79.9857363
13720	80.0012887
13721	80.01684274
13722	80.03239843
13723	80.04795575
13724	80.06351471
13725	80.07907531
13726	80.09463755
13727	80.11020144
13728	80.12576696
13729	80.14133412
13730	80.15690292
13731	80.17247336
13732	80.18804544
13733	80.20361916
13734	80.21919452
13735	80.23477151
13736	80.25035015
13737	80.26593042
13738	80.28151234
13739	80.29709589
13740	80.31268108
13741	80.32826791
13742	80.34385638
13743	80.35944648
13744	80.37503822
13745	80.39063161
13746	80.40622663
13747	80.42182328
13748	80.43742158
13749	80.45302151
13750	80.46862308
13751	80.48422629
13752	80.49983114
13753	80.51543762
13754	80.53104574
13755	80.5466555
13756	80.56226689
13757	80.57787992
13758	80.59349459
13759	80.60911089
13760	80.62472884
13761	80.64034841
13762	80.65596963
13763	80.67159248
13764	80.68721697
13765	80.70284309
13766	80.71847085
13767	80.73410024
13768	80.74973127
13769	80.76536394
13770	80.78099824
13771	80.79663418
13772	80.81227175
13773	80.82791096
13774	80.84355181
13775	80.85919428
13776	80.8748384
13777	80.89048415
13778	80.90613153
13779	80.92178055
13780	80.9374312
13781	80.95308349
13782	80.96873741
13783	80.98439297
13784	81.00005016
13785	81.01570899
13786	81.03136945
13787	81.04703154
13788	81.06269527
13789	81.07836063
13790	81.09402762
13791	81.10969625
13792	81.12536651
13793	81.14103841
13794	81.15671194
13795	81.1723871
13796	81.1880639
13797	81.20374232
13798	81.21942238
13799	81.23510408
13800	81.25078741
13801	81.26647236
13802	81.28215896
13803	81.29784718
13804	81.31353704
13805	81.32922853
13806	81.34492165
13807	81.3606164
13808	81.37631279
13809	81.3920108
13810	81.40771045
13811	81.42341173
13812	81.43911464
13813	81.45481919
13814	81.47052536
13815	81.48623317
13816	81.50194261
13817	81.51765367
13818	81.53336637
13819	81.5490807
13820	81.56479666
13821	81.58051426
13822	81.59623348
13823	81.61195433
13824	81.62767681
13825	81.64340093
13826	81.65912667
13827	81.67485405
13828	81.69058305
13829	81.70631368
13830	81.72204595
13831	81.73777984
13832	81.75351536
13833	81.76925251
13834	81.7849913
13835	81.80073171
13836	81.81647375
13837	81.83221742
13838	81.84796272
13839	81.86370964
13840	81.8794582
13841	81.89520838
13842	81.9109602
13843	81.92671364
13844	81.94246871
13845	81.95822541
13846	81.97398373
13847	81.98974369
13848	82.00550527
13849	82.02126848
13850	82.03703332
13851	82.05279979
13852	82.06856788
13853	82.08433761
13854	82.10010896
13855	82.11588193
13856	82.13165654
13857	82.14743277
13858	82.16321062
13859	82.17899011
13860	82.19477122
13861	82.21055396
13862	82.22633833
13863	82.24212432
13864	82.25791194
13865	82.27370118
13866	82.28949205
13867	82.30528455
13868	82.32107867
13869	82.33687442
13870	82.3526718
13871	82.3684708
13872	82.38427142
13873	82.40007367
13874	82.41587755
13875	82.43168305
13876	82.44749018
13877	82.46329894
13878	82.47910931
13879	82.49492132
13880	82.51073494
13881	82.5265502
13882	82.54236707
13883	82.55818558
13884	82.5740057
13885	82.58982745
13886	82.60565083
13887	82.62147583
13888	82.63730245
13889	82.6531307
13890	82.66896057
13891	82.68479207
13892	82.70062518
13893	82.71645993
13894	82.73229629
13895	82.74813428
13896	82.76397389
13897	82.77981513
13898	82.79565799
13899	82.81150247
13900	82.82734857
13901	82.8431963
13902	82.85904565
13903	82.87489662
13904	82.89074922
13905	82.90660344
13906	82.92245928
13907	82.93831674
13908	82.95417582
13909	82.97003653
13910	82.98589886
13911	83.00176281
13912	83.01762838
13913	83.03349557
13914	83.04936438
13915	83.06523482
13916	83.08110688
13917	83.09698056
13918	83.11285585
13919	83.12873278
13920	83.14461132
13921	83.16049148
13922	83.17637326
13923	83.19225666
13924	83.20814169
13925	83.22402833
13926	83.2399166
13927	83.25580648
13928	83.27169798
13929	83.28759111
13930	83.30348585
13931	83.31938222
13932	83.3352802
13933	83.3511798
13934	83.36708103
13935	83.38298387
13936	83.39888833
13937	83.41479441
13938	83.43070211
13939	83.44661143
13940	83.46252237
13941	83.47843492
13942	83.4943491
13943	83.51026489
13944	83.52618231
13945	83.54210134
13946	83.55802198
13947	83.57394425
13948	83.58986814
13949	83.60579364
13950	83.62172076
13951	83.6376495
13952	83.65357986
13953	83.66951183
13954	83.68544542
13955	83.70138063
13956	83.71731745
13957	83.7332559
13958	83.74919596
13959	83.76513763
13960	83.78108093
13961	83.79702584
13962	83.81297237
13963	83.82892051
13964	83.84487027
13965	83.86082165
13966	83.87677464
13967	83.89272925
13968	83.90868547
13969	83.92464332
13970	83.94060277
13971	83.95656385
13972	83.97252653
13973	83.98849084
13974	84.00445676
13975	84.02042429
13976	84.03639344
13977	84.05236421
13978	84.06833659
13979	84.08431058
13980	84.10028619
13981	84.11626341
13982	84.13224225
13983	84.14822271
13984	84.16420478
13985	84.18018846
13986	84.19617375
13987	84.21216067
13988	84.22814919
13989	84.24413933
13990	84.26013108
13991	84.27612445
13992	84.29211943
13993	84.30811602
13994	84.32411423
13995	84.34011405
13996	84.35611548
13997	84.37211853
13998	84.38812319
13999	84.40412946
14000	84.42013734
14001	84.43614684
14002	84.45215795
14003	84.46817067
14004	84.48418501
14005	84.50020096
14006	84.51621852
14007	84.53223769
14008	84.54825847
14009	84.56428087
14010	84.58030487
14011	84.59633049
14012	84.61235772
14013	84.62838657
14014	84.64441702
14015	84.66044908
14016	84.67648276
14017	84.69251805
14018	84.70855495
14019	84.72459345
14020	84.74063357
14021	84.7566753
14022	84.77271864
14023	84.7887636
14024	84.80481016
14025	84.82085833
14026	84.83690811
14027	84.8529595
14028	84.8690125
14029	84.88506712
14030	84.90112334
14031	84.91718117
14032	84.93324061
14033	84.94930166
14034	84.96536432
14035	84.98142859
14036	84.99749446
14037	85.01356195
14038	85.02963105
14039	85.04570175
14040	85.06177406
14041	85.07784799
14042	85.09392352
14043	85.11000066
14044	85.1260794
14045	85.14215976
14046	85.15824172
14047	85.17432529
14048	85.19041047
14049	85.20649726
14050	85.22258565
14051	85.23867565
14052	85.25476726
14053	85.27086048
14054	85.2869553
14055	85.30305174
14056	85.31914977
14057	85.33524942
14058	85.35135067
14059	85.36745353
14060	85.383558
14061	85.39966407
14062	85.41577175
14063	85.43188103
14064	85.44799192
14065	85.46410442
14066	85.48021852
14067	85.49633423
14068	85.51245155
14069	85.52857047
14070	85.544691
14071	85.56081313
14072	85.57693686
14073	85.59306221
14074	85.60918915
14075	85.62531771
14076	85.64144787
14077	85.65757963
14078	85.673713
14079	85.68984797
14080	85.70598454
14081	85.72212273
14082	85.73826251
14083	85.7544039
14084	85.7705469
14085	85.78669149
14086	85.8028377
14087	85.8189855
14088	85.83513491
14089	85.85128593
14090	85.86743854
14091	85.88359276
14092	85.89974859
14093	85.91590601
14094	85.93206504
14095	85.94822568
14096	85.96438791
14097	85.98055175
14098	85.99671719
14099	86.01288424
14100	86.02905288
14101	86.04522313
14102	86.06139498
14103	86.07756844
14104	86.09374349
14105	86.10992015
14106	86.12609841
14107	86.14227827
14108	86.15845973
14109	86.1746428
14110	86.19082746
14111	86.20701373
14112	86.2232016
14113	86.23939107
14114	86.25558214
14115	86.27177481
14116	86.28796909
14117	86.30416496
14118	86.32036243
14119	86.33656151
14120	86.35276218
14121	86.36896446
14122	86.38516833
14123	86.40137381
14124	86.41758088
14125	86.43378956
14126	86.44999983
14127	86.46621171
14128	86.48242518
14129	86.49864026
14130	86.51485693
14131	86.5310752
14132	86.54729508
14133	86.56351655
14134	86.57973962
14135	86.59596429
14136	86.61219055
14137	86.62841842
14138	86.64464788
14139	86.66087895
14140	86.67711161
14141	86.69334587
14142	86.70958172
14143	86.72581918
14144	86.74205823
14145	86.75829889
14146	86.77454113
14147	86.79078498
14148	86.80703043
14149	86.82327747
14150	86.83952611
14151	86.85577634
14152	86.87202818
14153	86.88828161
14154	86.90453663
14155	86.92079326
14156	86.93705148
14157	86.95331129
14158	86.96957271
14159	86.98583572
14160	87.00210032
14161	87.01836652
14162	87.03463432
14163	87.05090372
14164	87.06717471
14165	87.08344729
14166	87.09972147
14167	87.11599725
14168	87.13227462
14169	87.14855359
14170	87.16483415
14171	87.18111631
14172	87.19740006
14173	87.21368541
14174	87.22997235
14175	87.24626089
14176	87.26255102
14177	87.27884275
14178	87.29513607
14179	87.31143098
14180	87.32772749
14181	87.34402559
14182	87.36032529
14183	87.37662658
14184	87.39292946
14185	87.40923394
14186	87.42554001
14187	87.44184767
14188	87.45815693
14189	87.47446778
14190	87.49078023
14191	87.50709426
14192	87.52340989
14193	87.53972712
14194	87.55604593
14195	87.57236634
14196	87.58868834
14197	87.60501193
14198	87.62133712
14199	87.63766389
14200	87.65399226
14201	87.67032222
14202	87.68665377
14203	87.70298692
14204	87.71932165
14205	87.73565798
14206	87.7519959
14207	87.76833541
14208	87.78467651
14209	87.8010192
14210	87.81736349
14211	87.83370936
14212	87.85005682
14213	87.86640588
14214	87.88275653
14215	87.89910876
14216	87.91546259
14217	87.931818
14218	87.94817501
14219	87.96453361
14220	87.98089379
14221	87.99725557
14222	88.01361894
14223	88.02998389
14224	88.04635044
14225	88.06271857
14226	88.0790883
14227	88.09545961
14228	88.11183251
14229	88.128207
14230	88.14458308
14231	88.16096075
14232	88.17734001
14233	88.19372085
14234	88.21010329
14235	88.22648731
14236	88.24287292
14237	88.25926012
14238	88.2756489
14239	88.29203928
14240	88.30843124
14241	88.32482479
14242	88.34121993
14243	88.35761665
14244	88.37401496
14245	88.39041486
14246	88.40681635
14247	88.42321942
14248	88.43962408
14249	88.45603033
14250	88.47243816
14251	88.48884758
14252	88.50525859
14253	88.52167118
14254	88.53808536
14255	88.55450113
14256	88.57091848
14257	88.58733742
14258	88.60375794
14259	88.62018005
14260	88.63660374
14261	88.65302903
14262	88.66945589
14263	88.68588434
14264	88.70231438
14265	88.718746
14266	88.73517921
14267	88.751614
14268	88.76805037
14269	88.78448833
14270	88.80092788
14271	88.81736901
14272	88.83381172
14273	88.85025602
14274	88.8667019
14275	88.88314937
14276	88.89959842
14277	88.91604905
14278	88.93250127
14279	88.94895507
14280	88.96541045
14281	88.98186742
14282	88.99832597
14283	89.01478611
14284	89.03124782
14285	89.04771112
14286	89.06417601
14287	89.08064247
14288	89.09711052
14289	89.11358015
14290	89.13005137
14291	89.14652416
14292	89.16299854
14293	89.1794745
14294	89.19595204
14295	89.21243117
14296	89.22891187
14297	89.24539416
14298	89.26187803
14299	89.27836348
14300	89.29485051
14301	89.31133912
14302	89.32782931
14303	89.34432109
14304	89.36081444
14305	89.37730938
14306	89.3938059
14307	89.410304
14308	89.42680367
14309	89.44330493
14310	89.45980777
14311	89.47631219
14312	89.49281819
14313	89.50932577
14314	89.52583493
14315	89.54234566
14316	89.55885798
14317	89.57537188
14318	89.59188735
14319	89.60840441
14320	89.62492305
14321	89.64144326
14322	89.65796505
14323	89.67448842
14324	89.69101338
14325	89.7075399
14326	89.72406801
14327	89.7405977
14328	89.75712896
14329	89.77366181
14330	89.79019623
14331	89.80673222
14332	89.8232698
14333	89.83980896
14334	89.85634969
14335	89.872892
14336	89.88943588
14337	89.90598135
14338	89.92252839
14339	89.93907701
14340	89.9556272
14341	89.97217898
14342	89.98873232
14343	90.00528725
14344	90.02184375
14345	90.03840183
14346	90.05496149
14347	90.07152272
14348	90.08808553
14349	90.10464991
14350	90.12121587
14351	90.1377834
14352	90.15435251
14353	90.1709232
14354	90.18749546
14355	90.2040693
14356	90.22064471
14357	90.2372217
14358	90.25380026
14359	90.2703804
14360	90.28696211
14361	90.3035454
14362	90.32013026
14363	90.3367167
14364	90.35330471
14365	90.36989429
14366	90.38648545
14367	90.40307818
14368	90.41967249
14369	90.43626837
14370	90.45286583
14371	90.46946485
14372	90.48606546
14373	90.50266763
14374	90.51927138
14375	90.5358767
14376	90.5524836
14377	90.56909206
14378	90.5857021
14379	90.60231372
14380	90.6189269
14381	90.63554166
14382	90.65215799
14383	90.66877589
14384	90.68539537
14385	90.70201642
14386	90.71863904
14387	90.73526323
14388	90.75188899
14389	90.76851632
14390	90.78514523
14391	90.80177571
14392	90.81840776
14393	90.83504138
14394	90.85167657
14395	90.86831333
14396	90.88495166
14397	90.90159157
14398	90.91823304
14399	90.93487609
14400	90.9515207
14401	90.96816689
14402	90.98481464
14403	91.00146397
14404	91.01811486
14405	91.03476733
14406	91.05142137
14407	91.06807697
14408	91.08473415
14409	91.10139289
14410	91.1180532
14411	91.13471509
14412	91.15137854
14413	91.16804356
14414	91.18471015
14415	91.20137831
14416	91.21804804
14417	91.23471933
14418	91.2513922
14419	91.26806663
14420	91.28474263
14421	91.3014202
14422	91.31809934
14423	91.33478004
14424	91.35146231
14425	91.36814615
14426	91.38483156
14427	91.40151854
14428	91.41820708
14429	91.43489719
14430	91.45158887
14431	91.46828211
14432	91.48497693
14433	91.5016733
14434	91.51837125
14435	91.53507076
14436	91.55177184
14437	91.56847448
14438	91.58517869
14439	91.60188447
14440	91.61859181
14441	91.63530072
14442	91.65201119
14443	91.66872323
14444	91.68543684
14445	91.70215201
14446	91.71886875
14447	91.73558705
14448	91.75230692
14449	91.76902835
14450	91.78575135
14451	91.80247591
14452	91.81920203
14453	91.83592973
14454	91.85265898
14455	91.8693898
14456	91.88612219
14457	91.90285613
14458	91.91959165
14459	91.93632872
14460	91.95306736
14461	91.96980757
14462	91.98654933
14463	92.00329267
14464	92.02003756
14465	92.03678402
14466	92.05353204
14467	92.07028162
14468	92.08703277
14469	92.10378548
14470	92.12053975
14471	92.13729559
14472	92.15405298
14473	92.17081194
14474	92.18757247
14475	92.20433455
14476	92.2210982
14477	92.2378634
14478	92.25463017
14479	92.27139851
14480	92.2881684
14481	92.30493986
14482	92.32171287
14483	92.33848745
14484	92.35526359
14485	92.37204129
14486	92.38882055
14487	92.40560137
14488	92.42238375
14489	92.43916769
14490	92.4559532
14491	92.47274026
14492	92.48952889
14493	92.50631907
14494	92.52311081
14495	92.53990412
14496	92.55669898
14497	92.57349541
14498	92.59029339
14499	92.60709293
14500	92.62389403
14501	92.6406967
14502	92.65750092
14503	92.6743067
14504	92.69111403
14505	92.70792293
14506	92.72473339
14507	92.7415454
14508	92.75835898
14509	92.77517411
14510	92.7919908
14511	92.80880905
14512	92.82562885
14513	92.84245021
14514	92.85927314
14515	92.87609762
14516	92.89292365
14517	92.90975125
14518	92.9265804
14519	92.94341111
14520	92.96024338
14521	92.9770772
14522	92.99391258
14523	93.01074952
14524	93.02758801
14525	93.04442806
14526	93.06126967
14527	93.07811283
14528	93.09495755
14529	93.11180382
14530	93.12865166
14531	93.14550104
14532	93.16235199
14533	93.17920449
14534	93.19605854
14535	93.21291415
14536	93.22977132
14537	93.24663004
14538	93.26349031
14539	93.28035214
14540	93.29721553
14541	93.31408047
14542	93.33094697
14543	93.34781501
14544	93.36468462
14545	93.38155578
14546	93.39842849
14547	93.41530276
14548	93.43217858
14549	93.44905595
14550	93.46593488
14551	93.48281536
14552	93.4996974
14553	93.51658099
14554	93.53346613
14555	93.55035283
14556	93.56724108
14557	93.58413088
14558	93.60102223
14559	93.61791514
14560	93.6348096
14561	93.65170561
14562	93.66860318
14563	93.6855023
14564	93.70240297
14565	93.71930519
14566	93.73620896
14567	93.75311429
14568	93.77002117
14569	93.78692959
14570	93.80383957
14571	93.82075111
14572	93.83766419
14573	93.85457882
14574	93.87149501
14575	93.88841275
14576	93.90533203
14577	93.92225287
14578	93.93917526
14579	93.9560992
14580	93.97302469
14581	93.98995173
14582	94.00688032
14583	94.02381046
14584	94.04074215
14585	94.05767539
14586	94.07461018
14587	94.09154652
14588	94.10848441
14589	94.12542385
14590	94.14236484
14591	94.15930737
14592	94.17625146
14593	94.19319709
14594	94.21014428
14595	94.22709301
14596	94.24404329
14597	94.26099512
14598	94.2779485
14599	94.29490342
14600	94.3118599
14601	94.32881792
14602	94.34577749
14603	94.36273861
14604	94.37970127
14605	94.39666549
14606	94.41363125
14607	94.43059856
14608	94.44756741
14609	94.46453781
14610	94.48150976
14611	94.49848326
14612	94.5154583
14613	94.53243489
14614	94.54941303
14615	94.56639271
14616	94.58337394
14617	94.60035672
14618	94.61734104
14619	94.6343269
14620	94.65131432
14621	94.66830328
14622	94.68529378
14623	94.70228583
14624	94.71927943
14625	94.73627457
14626	94.75327125
14627	94.77026949
14628	94.78726926
14629	94.80427058
14630	94.82127345
14631	94.83827786
14632	94.85528381
14633	94.87229131
14634	94.88930036
14635	94.90631095
14636	94.92332308
14637	94.94033675
14638	94.95735197
14639	94.97436874
14640	94.99138704
14641	95.00840689
14642	95.02542829
14643	95.04245122
14644	95.05947571
14645	95.07650173
14646	95.09352929
14647	95.1105584
14648	95.12758906
14649	95.14462125
14650	95.16165499
14651	95.17869027
14652	95.19572709
14653	95.21276545
14654	95.22980536
14655	95.2468468
14656	95.26388979
14657	95.28093432
14658	95.2979804
14659	95.31502801
14660	95.33207717
14661	95.34912786
14662	95.3661801
14663	95.38323388
14664	95.4002892
14665	95.41734606
14666	95.43440446
14667	95.4514644
14668	95.46852588
14669	95.4855889
14670	95.50265347
14671	95.51971957
14672	95.53678721
14673	95.55385639
14674	95.57092711
14675	95.58799937
14676	95.60507318
14677	95.62214852
14678	95.6392254
14679	95.65630381
14680	95.67338377
14681	95.69046527
14682	95.7075483
14683	95.72463288
14684	95.74171899
14685	95.75880664
14686	95.77589583
14687	95.79298656
14688	95.81007883
14689	95.82717263
14690	95.84426797
14691	95.86136485
14692	95.87846327
14693	95.89556322
14694	95.91266471
14695	95.92976774
14696	95.94687231
14697	95.96397841
14698	95.98108606
14699	95.99819523
14700	96.01530595
14701	96.0324182
14702	96.04953199
14703	96.06664731
14704	96.08376417
14705	96.10088257
14706	96.1180025
14707	96.13512397
14708	96.15224697
14709	96.16937151
14710	96.18649759
14711	96.2036252
14712	96.22075435
14713	96.23788503
14714	96.25501724
14715	96.272151
14716	96.28928628
14717	96.3064231
14718	96.32356146
14719	96.34070135
14720	96.35784278
14721	96.37498574
14722	96.39213023
14723	96.40927626
14724	96.42642382
14725	96.44357291
14726	96.46072354
14727	96.47787571
14728	96.4950294
14729	96.51218463
14730	96.5293414
14731	96.54649969
14732	96.56365952
14733	96.58082089
14734	96.59798378
14735	96.61514821
14736	96.63231417
14737	96.64948166
14738	96.66665069
14739	96.68382125
14740	96.70099334
14741	96.71816696
14742	96.73534211
14743	96.7525188
14744	96.76969702
14745	96.78687676
14746	96.80405805
14747	96.82124086
14748	96.8384252
14749	96.85561107
14750	96.87279848
14751	96.88998741
14752	96.90717788
14753	96.92436988
14754	96.94156341
14755	96.95875846
14756	96.97595505
14757	96.99315317
14758	97.01035282
14759	97.027554
14760	97.04475671
14761	97.06196095
14762	97.07916671
14763	97.09637401
14764	97.11358284
14765	97.13079319
14766	97.14800508
14767	97.16521849
14768	97.18243344
14769	97.19964991
14770	97.21686791
14771	97.23408744
14772	97.2513085
14773	97.26853108
14774	97.28575519
14775	97.30298084
14776	97.32020801
14777	97.3374367
14778	97.35466693
14779	97.37189868
14780	97.38913196
14781	97.40636677
14782	97.42360311
14783	97.44084097
14784	97.45808036
14785	97.47532128
14786	97.49256372
14787	97.50980769
14788	97.52705319
14789	97.54430021
14790	97.56154876
14791	97.57879884
14792	97.59605044
14793	97.61330357
14794	97.63055822
14795	97.6478144
14796	97.6650721
14797	97.68233134
14798	97.69959209
14799	97.71685437
14800	97.73411818
14801	97.75138351
14802	97.76865037
14803	97.78591875
14804	97.80318866
14805	97.82046009
14806	97.83773304
14807	97.85500752
14808	97.87228353
14809	97.88956105
14810	97.90684011
14811	97.92412068
14812	97.94140278
14813	97.95868641
14814	97.97597155
14815	97.99325822
14816	98.01054642
14817	98.02783613
14818	98.04512737
14819	98.06242014
14820	98.07971442
14821	98.09701023
14822	98.11430756
14823	98.13160642
14824	98.14890679
14825	98.16620869
14826	98.18351211
14827	98.20081705
14828	98.21812352
14829	98.23543151
14830	98.25274101
14831	98.27005204
14832	98.28736459
14833	98.30467867
14834	98.32199426
14835	98.33931138
14836	98.35663001
14837	98.37395017
14838	98.39127185
14839	98.40859504
14840	98.42591976
14841	98.443246
14842	98.46057376
14843	98.47790304
14844	98.49523384
14845	98.51256616
14846	98.5299
14847	98.54723536
14848	98.56457224
14849	98.58191063
14850	98.59925055
14851	98.61659199
14852	98.63393494
14853	98.65127942
14854	98.66862541
14855	98.68597292
14856	98.70332196
14857	98.7206725
14858	98.73802457
14859	98.75537816
14860	98.77273326
14861	98.79008989
14862	98.80744803
14863	98.82480768
14864	98.84216886
14865	98.85953155
14866	98.87689577
14867	98.89426149
14868	98.91162874
14869	98.9289975
14870	98.94636778
14871	98.96373958
14872	98.98111289
14873	98.99848772
14874	99.01586407
14875	99.03324193
14876	99.05062131
14877	99.06800221
14878	99.08538462
14879	99.10276855
14880	99.12015399
14881	99.13754095
14882	99.15492942
14883	99.17231941
14884	99.18971092
14885	99.20710394
14886	99.22449848
14887	99.24189453
14888	99.25929209
14889	99.27669117
14890	99.29409177
14891	99.31149388
14892	99.3288975
14893	99.34630264
14894	99.36370929
14895	99.38111746
14896	99.39852714
14897	99.41593834
14898	99.43335104
14899	99.45076527
14900	99.468181
14901	99.48559825
14902	99.50301701
14903	99.52043729
14904	99.53785907
14905	99.55528238
14906	99.57270719
14907	99.59013352
14908	99.60756135
14909	99.62499071
14910	99.64242157
14911	99.65985394
14912	99.67728783
14913	99.69472323
14914	99.71216014
14915	99.72959857
14916	99.7470385
14917	99.76447995
14918	99.78192291
14919	99.79936738
14920	99.81681336
14921	99.83426085
14922	99.85170985
14923	99.86916036
14924	99.88661238
14925	99.90406592
14926	99.92152096
14927	99.93897752
14928	99.95643558
14929	99.97389516
14930	99.99135624
14931	100.0088188
14932	100.0262829
14933	100.0437486
14934	100.0612157
14935	100.0786843
14936	100.0961545
14937	100.1136261
14938	100.1310993
14939	100.1485739
14940	100.1660501
14941	100.1835278
14942	100.201007
14943	100.2184877
14944	100.2359699
14945	100.2534536
14946	100.2709389
14947	100.2884256
14948	100.3059138
14949	100.3234036
14950	100.3408948
14951	100.3583876
14952	100.3758819
14953	100.3933777
14954	100.410875
14955	100.4283737
14956	100.445874
14957	100.4633759
14958	100.4808792
14959	100.498384
14960	100.5158903
14961	100.5333982
14962	100.5509075
14963	100.5684183
14964	100.5859307
14965	100.6034446
14966	100.6209599
14967	100.6384768
14968	100.6559952
14969	100.673515
14970	100.6910364
14971	100.7085593
14972	100.7260837
14973	100.7436096
14974	100.761137
14975	100.7786659
14976	100.7961963
14977	100.8137283
14978	100.8312617
14979	100.8487966
14980	100.866333
14981	100.883871
14982	100.9014104
14983	100.9189513
14984	100.9364938
14985	100.9540377
14986	100.9715832
14987	100.9891301
14988	101.0066786
14989	101.0242286
14990	101.04178
14991	101.059333
14992	101.0768875
14993	101.0944434
14994	101.1120009
14995	101.1295599
14996	101.1471204
14997	101.1646823
14998	101.1822458
14999	101.1998108
15000	101.2173773
